rating,text,text_en,lang,cleaned,tokens,pos_tags,entities,vader,tb,lex_sent,lstm_sent
3,"Perfect summer companion!!


The product quality is good,it has nice looks accomplished by the amazingly powerful fan and the shutters, serving their purpose so well.It has smooth knobs,water level indicator,a swing system.","Perfect summer companion!!


The product quality is good,it has nice looks accomplished by the amazingly powerful fan and the shutters, serving their purpose so well.It has smooth knobs,water level indicator,a swing system.",en,perfect summer companion product quality good nice look accomplished amazingly powerful fan shutter serving purpose well smooth knob water level indicator swing system,"['perfect', 'summer', 'companion', 'product', 'quality', 'good', 'nice', 'look', 'accomplished', 'amazingly', 'powerful', 'fan', 'shutter', 'serving', 'purpose', 'well', 'smooth', 'knob', 'water', 'level', 'indicator', 'swing', 'system']","[('perfect', 'JJ'), ('summer', 'NN'), ('companion', 'NN'), ('product', 'NN'), ('quality', 'NN'), ('good', 'JJ'), ('nice', 'JJ'), ('look', 'NN'), ('accomplished', 'VBD'), ('amazingly', 'RB'), ('powerful', 'JJ'), ('fan', 'NN'), ('shutter', 'NN'), ('serving', 'VBG'), ('purpose', 'RB'), ('well', 'RB'), ('smooth', 'JJ'), ('knob', 'NNS'), ('water', 'NN'), ('level', 'NN'), ('indicator', 'NN'), ('swing', 'NN'), ('system', 'NN')]","['FEATURE:fan', 'FEATURE:water', 'FEATURE:power']",0.9398,0.5,0.7199,0.44372305274009705
3,It's my honest review after using this cooler for one year. I live in the top floor of a building at Rangia in Assam. Room size is 14 by 13 feet. In a hot night of May or June I use 3 litres of cool fridge water and some ice cubes with normal water and towards the late night I need to take a blanket or to switch off it. Proper ventilation should be maintained. It consumes low electricity and also inverter friendly. Can go for it without any hesitation.,It's my honest review after using this cooler for one year. I live in the top floor of a building at Rangia in Assam. Room size is 14 by 13 feet. In a hot night of May or June I use 3 litres of cool fridge water and some ice cubes with normal water and towards the late night I need to take a blanket or to switch off it. Proper ventilation should be maintained. It consumes low electricity and also inverter friendly. Can go for it without any hesitation.,en,honest review using cooler one year live top floor building rangia assam room size foot hot night may june use litre cool fridge water ice cube normal water towards late night need take blanket switch proper ventilation maintained consumes low electricity also inverter friendly without hesitation,"['honest', 'review', 'using', 'cooler', 'one', 'year', 'live', 'top', 'floor', 'building', 'rangia', 'assam', 'room', 'size', 'foot', 'hot', 'night', 'may', 'june', 'use', 'litre', 'cool', 'fridge', 'water', 'ice', 'cube', 'normal', 'water', 'towards', 'late', 'night', 'need', 'take', 'blanket', 'switch', 'proper', 'ventilation', 'maintained', 'consumes', 'low', 'electricity', 'also', 'inverter', 'friendly', 'without', 'hesitation']","[('honest', 'JJS'), ('review', 'NN'), ('using', 'VBG'), ('cooler', 'NN'), ('one', 'CD'), ('year', 'NN'), ('live', 'JJ'), ('top', 'JJ'), ('floor', 'NN'), ('building', 'NN'), ('rangia', 'NN'), ('assam', 'NN'), ('room', 'NN'), ('size', 'NN'), ('foot', 'NN'), ('hot', 'JJ'), ('night', 'NN'), ('may', 'MD'), ('june', 'VB'), ('use', 'NN'), ('litre', 'JJ'), ('cool', 'NN'), ('fridge', 'NN'), ('water', 'NN'), ('ice', 'NN'), ('cube', 'NN'), ('normal', 'JJ'), ('water', 'NN'), ('towards', 'NNS'), ('late', 'JJ'), ('night', 'NN'), ('need', 'VBP'), ('take', 'VB'), ('blanket', 'NN'), ('switch', 'VB'), ('proper', 'JJ'), ('ventilation', 'NN'), ('maintained', 'VBD'), ('consumes', 'NNS'), ('low', 'JJ'), ('electricity', 'NN'), ('also', 'RB'), ('inverter', 'RB'), ('friendly', 'RB'), ('without', 'IN'), ('hesitation', 'NN')]","['FEATURE:water', 'FEATURE:inverter']",0.8524,0.20613636363636365,0.5292681818181818,0.4440482556819916
3,I'm satisfied.,I'm satisfied.,da,satisfied,['satisfied'],"[('satisfied', 'JJ')]",[],0.4215,0.5,0.46075,0.4436340928077698
3,"Received in a proper condition.... build quality is not so great... working fine as of now , don't know how it will work in summer ....will use it for some more time and edit my review","Received in a proper condition.... build quality is not so great... working fine as of now , don't know how it will work in summer ....will use it for some more time and edit my review",en,received proper condition build quality great working fine know work summer use time edit review,"['received', 'proper', 'condition', 'build', 'quality', 'great', 'working', 'fine', 'know', 'work', 'summer', 'use', 'time', 'edit', 'review']","[('received', 'VBN'), ('proper', 'JJ'), ('condition', 'NN'), ('build', 'VBP'), ('quality', 'NN'), ('great', 'JJ'), ('working', 'JJ'), ('fine', 'NN'), ('know', 'VBP'), ('work', 'NN'), ('summer', 'NN'), ('use', 'NN'), ('time', 'NN'), ('edit', 'NN'), ('review', 'NN')]",[],0.2648,0.4291666666666667,0.3469833333333333,0.44403329491615295
3,Very nice product firstly I hesitate to buy it bcz most of the coolers will have water leakage problem from anyone side of its pads we have experienced it before buying this one but honestly I am writing this review after the usage of 10days there is no any problem yet now and most of the coolers makes sound but it has less one when compared to other brands don't get hesitate just go for it..,Very nice product firstly I hesitate to buy it bcz most of the coolers will have water leakage problem from anyone side of its pads we have experienced it before buying this one but honestly I am writing this review after the usage of 10days there is no any problem yet now and most of the coolers makes sound but it has less one when compared to other brands don't get hesitate just go for it..,en,nice product firstly hesitate buy bcz cooler water leakage problem anyone side pad experienced buying one honestly writing review usage 10days problem yet cooler make sound less one compared brand get hesitate,"['nice', 'product', 'firstly', 'hesitate', 'buy', 'bcz', 'cooler', 'water', 'leakage', 'problem', 'anyone', 'side', 'pad', 'experienced', 'buying', 'one', 'honestly', 'writing', 'review', 'usage', '10days', 'problem', 'yet', 'cooler', 'make', 'sound', 'less', 'one', 'compared', 'brand', 'get', 'hesitate']","[('nice', 'JJ'), ('product', 'NN'), ('firstly', 'RB'), ('hesitate', 'JJ'), ('buy', 'NN'), ('bcz', 'IN'), ('cooler', 'NN'), ('water', 'NN'), ('leakage', 'NN'), ('problem', 'NN'), ('anyone', 'NN'), ('side', 'NN'), ('pad', 'NN'), ('experienced', 'VBD'), ('buying', 'VBG'), ('one', 'CD'), ('honestly', 'RB'), ('writing', 'VBG'), ('review', 'NN'), ('usage', 'NN'), ('10days', 'CD'), ('problem', 'NN'), ('yet', 'RB'), ('cooler', 'JJ'), ('make', 'VBP'), ('sound', 'JJ'), ('less', 'JJR'), ('one', 'CD'), ('compared', 'VBN'), ('brand', 'NN'), ('get', 'NN'), ('hesitate', 'NN')]","['FEATURE:leak', 'FEATURE:water']",-0.6546,0.3931481481481482,-0.13072592592592588,0.44393253326416016
3,"Cooler is awesome airflow amazing, power consumption is also low inverter can take up the load easily, but sometimes the water leaks from the side but not too much, so overall it is good","Cooler is awesome airflow amazing, power consumption is also low inverter can take up the load easily, but sometimes the water leaks from the side but not too much, so overall it is good",en,cooler awesome airflow amazing power consumption also low inverter take load easily sometimes water leak side much overall good,"['cooler', 'awesome', 'airflow', 'amazing', 'power', 'consumption', 'also', 'low', 'inverter', 'take', 'load', 'easily', 'sometimes', 'water', 'leak', 'side', 'much', 'overall', 'good']","[('cooler', 'NN'), ('awesome', 'JJ'), ('airflow', 'IN'), ('amazing', 'VBG'), ('power', 'NN'), ('consumption', 'NN'), ('also', 'RB'), ('low', 'JJ'), ('inverter', 'NNS'), ('take', 'VBP'), ('load', 'NN'), ('easily', 'RB'), ('sometimes', 'RB'), ('water', 'NN'), ('leak', 'JJ'), ('side', 'NN'), ('much', 'RB'), ('overall', 'JJ'), ('good', 'JJ')]","['FEATURE:leak', 'FEATURE:water', 'FEATURE:power', 'FEATURE:inverter']",0.8381,0.45555555555555555,0.6468277777777778,0.44363054633140564
3,"Wow,, Super excited for this product,,, thank you hindware ‚ù§Ô∏è‚ù§Ô∏èüëçüëçüëçüëçüëåüëåüëåüëåüëåüíêüíêüíêüíêüíêüíê awesome","Wow,, Super excited for this product,,, thank you hindware ‚ù§Ô∏è‚ù§Ô∏èüëçüëçüëçüëçüëåüëåüëåüëåüëåüíêüíêüíêüíêüíêüíê awesome",en,wow super excited product thank hindware awesome,"['wow', 'super', 'excited', 'product', 'thank', 'hindware', 'awesome']","[('wow', 'JJ'), ('super', 'NN'), ('excited', 'VBD'), ('product', 'NN'), ('thank', 'NN'), ('hindware', 'NN'), ('awesome', 'JJ')]",['BRAND:Hindware'],0.9169,0.45208333333333334,0.6844916666666667,0.44450512528419495
3,Super cooler for small family. Very good cool. Water consumption is at 35-40 lts per day when humidity is 30%.,Super cooler for small family. Very good cool. Water consumption is at 35-40 lts per day when humidity is 30%.,en,super cooler small family good cool water consumption lts per day humidity,"['super', 'cooler', 'small', 'family', 'good', 'cool', 'water', 'consumption', 'lts', 'per', 'day', 'humidity']","[('super', 'JJ'), ('cooler', 'NN'), ('small', 'JJ'), ('family', 'NN'), ('good', 'JJ'), ('cool', 'NN'), ('water', 'NN'), ('consumption', 'NN'), ('lts', 'NNS'), ('per', 'IN'), ('day', 'NN'), ('humidity', 'NN')]",['FEATURE:water'],0.9056,0.3358333333333333,0.6207166666666666,0.44359976053237915
3,I can't believe. It's super cooler,I can't believe. It's super cooler,en,believe super cooler,"['believe', 'super', 'cooler']","[('believe', 'VB'), ('super', 'NN'), ('cooler', 'NN')]",[],-0.4847,0.3333333333333333,-0.07568333333333335,0.4435301423072815
3,"Value for money
I am satisfied this cooler","Value for money
I am satisfied this cooler",en,value money satisfied cooler,"['value', 'money', 'satisfied', 'cooler']","[('value', 'NN'), ('money', 'NN'), ('satisfied', 'VBD'), ('cooler', 'NN')]",[],0.6369,0.5,0.56845,0.44371894001960754
3,Water Leakage was observed from 2nd day onwards..... Cooling is sufficient but proper ventilation is requires to get cooling.... Recommended to go for another product... Thats all....,Water Leakage was observed from 2nd day onwards..... Cooling is sufficient but proper ventilation is requires to get cooling.... Recommended to go for another product... Thats all....,en,water leakage observed 2nd day onwards cooling sufficient proper ventilation requires get cooling recommended another product thats,"['water', 'leakage', 'observed', '2nd', 'day', 'onwards', 'cooling', 'sufficient', 'proper', 'ventilation', 'requires', 'get', 'cooling', 'recommended', 'another', 'product', 'thats']","[('water', 'NN'), ('leakage', 'NN'), ('observed', 'VBD'), ('2nd', 'CD'), ('day', 'NN'), ('onwards', 'NNS'), ('cooling', 'VBG'), ('sufficient', 'JJ'), ('proper', 'JJ'), ('ventilation', 'NN'), ('requires', 'VBZ'), ('get', 'VB'), ('cooling', 'VBG'), ('recommended', 'VBN'), ('another', 'DT'), ('product', 'NN'), ('thats', 'NN')]","['FEATURE:cooling', 'FEATURE:leak', 'FEATURE:water']",0.296,0.0,0.148,0.4439280331134796
3,Good quality,Good quality,en,good quality,"['good', 'quality']","[('good', 'JJ'), ('quality', 'NN')]",[],0.4404,0.7,0.5702,0.44218412041664124
3,Overall good product. Low noise. Enough cooling.,Overall good product. Low noise. Enough cooling.,en,overall good product low noise enough cooling,"['overall', 'good', 'product', 'low', 'noise', 'enough', 'cooling']","[('overall', 'JJ'), ('good', 'JJ'), ('product', 'NN'), ('low', 'JJ'), ('noise', 'RB'), ('enough', 'RB'), ('cooling', 'NN')]",['FEATURE:cooling'],0.2023,0.175,0.18864999999999998,0.44336211681365967
3,"Our room is exactly 10x10 and we are two people. The room is well ventilated, so in this room, for 2 people, even for 3 people this cooler is enough. A stand to elevate its height can be better for cooler but we don't have, so we simply put the vents in the upward direction and it throws air to both of us. Air throw is definitely 9ft if not more. The water inlet is pretty wide and we use one full bucket water to fill directly and it doesn't pour out. U can even add ice into it. Separate ice chamber not there. Wheels are good. Cable is short -this issue is true with every cooler I guess. Water indicator level is good. Consumption is more I guess. 45litre is enough for 8hrs and then half and hour in afternoon but not more than that.

If u have keep it beside ur bed or workstation, and room is well ventilated...go for this. This cooler is very good for 2 3people sleeping on one bed or working in a room or even kitchen.","Our room is exactly 10x10 and we are two people. The room is well ventilated, so in this room, for 2 people, even for 3 people this cooler is enough. A stand to elevate its height can be better for cooler but we don't have, so we simply put the vents in the upward direction and it throws air to both of us. Air throw is definitely 9ft if not more. The water inlet is pretty wide and we use one full bucket water to fill directly and it doesn't pour out. U can even add ice into it. Separate ice chamber not there. Wheels are good. Cable is short -this issue is true with every cooler I guess. Water indicator level is good. Consumption is more I guess. 45litre is enough for 8hrs and then half and hour in afternoon but not more than that.

If u have keep it beside ur bed or workstation, and room is well ventilated...go for this. This cooler is very good for 2 3people sleeping on one bed or working in a room or even kitchen.",en,room exactly 10x10 two people room well ventilated room people even people cooler enough stand elevate height better cooler simply put vent upward direction throw air air throw definitely 9ft water inlet pretty wide use one full bucket water fill directly pour even add ice separate ice chamber wheel good cable short issue true every cooler guess water indicator level good consumption guess 45litre enough 8hrs half hour afternoon keep beside bed workstation room well ventilated cooler good 3people sleeping one bed working room even kitchen,"['room', 'exactly', '10x10', 'two', 'people', 'room', 'well', 'ventilated', 'room', 'people', 'even', 'people', 'cooler', 'enough', 'stand', 'elevate', 'height', 'better', 'cooler', 'simply', 'put', 'vent', 'upward', 'direction', 'throw', 'air', 'air', 'throw', 'definitely', '9ft', 'water', 'inlet', 'pretty', 'wide', 'use', 'one', 'full', 'bucket', 'water', 'fill', 'directly', 'pour', 'even', 'add', 'ice', 'separate', 'ice', 'chamber', 'wheel', 'good', 'cable', 'short', 'issue', 'true', 'every', 'cooler', 'guess', 'water', 'indicator', 'level', 'good', 'consumption', 'guess', '45litre', 'enough', '8hrs', 'half', 'hour', 'afternoon', 'keep', 'beside', 'bed', 'workstation', 'room', 'well', 'ventilated', 'cooler', 'good', '3people', 'sleeping', 'one', 'bed', 'working', 'room', 'even', 'kitchen']","[('room', 'NN'), ('exactly', 'RB'), ('10x10', 'CD'), ('two', 'CD'), ('people', 'NNS'), ('room', 'NN'), ('well', 'RB'), ('ventilated', 'JJ'), ('room', 'NN'), ('people', 'NNS'), ('even', 'RB'), ('people', 'NNS'), ('cooler', 'VBP'), ('enough', 'JJ'), ('stand', 'NN'), ('elevate', 'NN'), ('height', 'VBD'), ('better', 'JJR'), ('cooler', 'NN'), ('simply', 'RB'), ('put', 'VBD'), ('vent', 'JJ'), ('upward', 'JJ'), ('direction', 'NN'), ('throw', 'NN'), ('air', 'NN'), ('air', 'NN'), ('throw', 'VBP'), ('definitely', 'RB'), ('9ft', 'CD'), ('water', 'NN'), ('inlet', 'NN'), ('pretty', 'RB'), ('wide', 'JJ'), ('use', 'NN'), ('one', 'CD'), ('full', 'JJ'), ('bucket', 'NN'), ('water', 'NN'), ('fill', 'VB'), ('directly', 'RB'), ('pour', 'JJ'), ('even', 'RB'), ('add', 'VBP'), ('ice', 'JJ'), ('separate', 'JJ'), ('ice', 'NN'), ('chamber', 'NN'), ('wheel', 'NN'), ('good', 'JJ'), ('cable', 'NN'), ('short', 'JJ'), ('issue', 'NN'), ('true', 'JJ'), ('every', 'DT'), ('cooler', 'NN'), ('guess', 'NN'), ('water', 'NN'), ('indicator', 'NN'), ('level', 'NN'), ('good', 'JJ'), ('consumption', 'NN'), ('guess', 'NN'), ('45litre', 'CD'), ('enough', 'RB'), ('8hrs', 'CD'), ('half', 'JJ'), ('hour', 'NN'), ('afternoon', 'NN'), ('keep', 'VB'), ('beside', 'NN'), ('bed', 'IN'), ('workstation', 'NN'), ('room', 'NN'), ('well', 'RB'), ('ventilated', 'JJ'), ('cooler', 'NN'), ('good', 'JJ'), ('3people', 'CD'), ('sleeping', 'VBG'), ('one', 'CD'), ('bed', 'NN'), ('working', 'VBG'), ('room', 'NN'), ('even', 'RB'), ('kitchen', 'VB')]","['CAPACITY:45l', 'FEATURE:water']",0.9822,0.20228070175438595,0.592240350877193,0.4438515901565552
3,Nice cooler,Nice cooler,en,nice cooler,"['nice', 'cooler']","[('nice', 'JJ'), ('cooler', 'NN')]",[],0.4215,0.6,0.51075,0.4431455135345459
3,It so good for small room or a double bed... Compact size...Cool look..Low power working good with inverter also,It so good for small room or a double bed... Compact size...Cool look..Low power working good with inverter also,en,good small room double bed compact size cool look low power working good inverter also,"['good', 'small', 'room', 'double', 'bed', 'compact', 'size', 'cool', 'look', 'low', 'power', 'working', 'good', 'inverter', 'also']","[('good', 'JJ'), ('small', 'JJ'), ('room', 'NN'), ('double', 'JJ'), ('bed', 'NN'), ('compact', 'JJ'), ('size', 'NN'), ('cool', 'JJ'), ('look', 'RB'), ('low', 'JJ'), ('power', 'NN'), ('working', 'VBG'), ('good', 'JJ'), ('inverter', 'NN'), ('also', 'RB')]","['FEATURE:power', 'FEATURE:inverter']",0.7496,0.2875,0.5185500000000001,0.44347071647644043
3,Work like charm...must buy product in this price range..much better then all cooler like Bajaj 36 litre in this price range...if it's fitted in window cools more then air condition...motor is powerful..mustbuy product,Work like charm...must buy product in this price range..much better then all cooler like Bajaj 36 litre in this price range...if it's fitted in window cools more then air condition...motor is powerful..mustbuy product,en,work like charm must buy product price range much better cooler like bajaj litre price range fitted window cool air condition motor powerful mustbuy product,"['work', 'like', 'charm', 'must', 'buy', 'product', 'price', 'range', 'much', 'better', 'cooler', 'like', 'bajaj', 'litre', 'price', 'range', 'fitted', 'window', 'cool', 'air', 'condition', 'motor', 'powerful', 'mustbuy', 'product']","[('work', 'NN'), ('like', 'IN'), ('charm', 'NN'), ('must', 'MD'), ('buy', 'VB'), ('product', 'NN'), ('price', 'NN'), ('range', 'NN'), ('much', 'JJ'), ('better', 'JJR'), ('cooler', 'NN'), ('like', 'IN'), ('bajaj', 'NN'), ('litre', 'JJ'), ('price', 'NN'), ('range', 'NN'), ('fitted', 'VBD'), ('window', 'JJ'), ('cool', 'JJ'), ('air', 'NN'), ('condition', 'NN'), ('motor', 'NN'), ('powerful', 'JJ'), ('mustbuy', 'JJ'), ('product', 'NN')]",['FEATURE:power'],0.7845,0.5,0.64225,0.44380590319633484
3,Very gd product.worth of money.,Very gd product.worth of money.,en,product worth money,"['product', 'worth', 'money']","[('product', 'NN'), ('worth', 'NN'), ('money', 'NN')]",[],0.0,0.2,0.1,0.44362151622772217
3,"According to price the cooler is justified. I will say not that great but good.
Few observations
1 - cooler was licking.
2- it is smelling really bad while using.
3- it‚Äôs noise level is high compare to speed.
4- air throw is max till 3 feet.

Overall it is okay with price.. can be used for small room and single person.","According to price the cooler is justified. I will say not that great but good.
Few observations
1 - cooler was licking.
2- it is smelling really bad while using.
3- it‚Äôs noise level is high compare to speed.
4- air throw is max till 3 feet.

Overall it is okay with price.. can be used for small room and single person.",en,according price cooler justified say great good observation cooler licking smelling really bad using noise level high compare speed air throw max till foot overall okay price used small room single person,"['according', 'price', 'cooler', 'justified', 'say', 'great', 'good', 'observation', 'cooler', 'licking', 'smelling', 'really', 'bad', 'using', 'noise', 'level', 'high', 'compare', 'speed', 'air', 'throw', 'max', 'till', 'foot', 'overall', 'okay', 'price', 'used', 'small', 'room', 'single', 'person']","[('according', 'VBG'), ('price', 'NN'), ('cooler', 'NN'), ('justified', 'VBD'), ('say', 'VBP'), ('great', 'JJ'), ('good', 'JJ'), ('observation', 'NN'), ('cooler', 'NN'), ('licking', 'VBG'), ('smelling', 'VBG'), ('really', 'RB'), ('bad', 'JJ'), ('using', 'VBG'), ('noise', 'JJ'), ('level', 'NN'), ('high', 'JJ'), ('compare', 'NN'), ('speed', 'NN'), ('air', 'NN'), ('throw', 'VBP'), ('max', 'NN'), ('till', 'JJ'), ('foot', 'NN'), ('overall', 'JJ'), ('okay', 'JJ'), ('price', 'NN'), ('used', 'VBN'), ('small', 'JJ'), ('room', 'NN'), ('single', 'JJ'), ('person', 'NN')]",[],-0.0738,0.1338571428571429,0.030028571428571446,0.44377031922340393
3,Best üëåüëåüëåüëå,Best üëåüëåüëåüëå,de,best,['best'],"[('best', 'JJS')]",[],0.6369,1.0,0.81845,0.44388383626937866
3,For one room is best,For one room is best,en,one room best,"['one', 'room', 'best']","[('one', 'CD'), ('room', 'NN'), ('best', 'RBS')]",[],0.6369,1.0,0.81845,0.443778395652771
3,"Very sturdy, simple and good quality air cooler. Good cooling effect. Recommend 100%. Only issue for me is the fan speed which is very high even in the lowest position. This makes breezy noise . More lower speeds knob options would make it the best room cooler.","Very sturdy, simple and good quality air cooler. Good cooling effect. Recommend 100%. Only issue for me is the fan speed which is very high even in the lowest position. This makes breezy noise . More lower speeds knob options would make it the best room cooler.",en,sturdy simple good quality air cooler good cooling effect recommend 100 issue fan speed high even lowest position make breezy noise lower speed knob option would make best room cooler,"['sturdy', 'simple', 'good', 'quality', 'air', 'cooler', 'good', 'cooling', 'effect', 'recommend', '100', 'issue', 'fan', 'speed', 'high', 'even', 'lowest', 'position', 'make', 'breezy', 'noise', 'lower', 'speed', 'knob', 'option', 'would', 'make', 'best', 'room', 'cooler']","[('sturdy', 'JJ'), ('simple', 'NN'), ('good', 'JJ'), ('quality', 'NN'), ('air', 'NN'), ('cooler', 'NN'), ('good', 'JJ'), ('cooling', 'NN'), ('effect', 'NN'), ('recommend', 'VBP'), ('100', 'CD'), ('issue', 'NN'), ('fan', 'NN'), ('speed', 'VBP'), ('high', 'JJ'), ('even', 'RB'), ('lowest', 'JJS'), ('position', 'NN'), ('make', 'VBP'), ('breezy', 'NN'), ('noise', 'NN'), ('lower', 'JJR'), ('speed', 'NN'), ('knob', 'NN'), ('option', 'NN'), ('would', 'MD'), ('make', 'VB'), ('best', 'JJS'), ('room', 'NN'), ('cooler', 'NN')]","['FEATURE:cooling', 'FEATURE:fan']",0.866,0.4135,0.63975,0.44366610050201416
3,Fan cooling Ness is ok..but I couldn't find any icecubes inserting option,Fan cooling Ness is ok..but I couldn't find any icecubes inserting option,en,fan cooling ness find icecubes inserting option,"['fan', 'cooling', 'ness', 'find', 'icecubes', 'inserting', 'option']","[('fan', 'NN'), ('cooling', 'VBG'), ('ness', 'JJ'), ('find', 'VBP'), ('icecubes', 'JJ'), ('inserting', 'NN'), ('option', 'NN')]","['FEATURE:cooling', 'FEATURE:fan']",0.3182,0.0,0.1591,0.4439444839954376
3,Hindware cooler very nice cooling üëåüëç ...performance very nice üëåvery good product to Flipkart.....l am very happy üòä thanks to Flipkart......,Hindware cooler very nice cooling üëåüëç ...performance very nice üëåvery good product to Flipkart.....l am very happy üòä thanks to Flipkart......,en,hindware cooler nice cooling performance nice good product flipkart happy thanks flipkart,"['hindware', 'cooler', 'nice', 'cooling', 'performance', 'nice', 'good', 'product', 'flipkart', 'happy', 'thanks', 'flipkart']","[('hindware', 'NN'), ('cooler', 'NN'), ('nice', 'JJ'), ('cooling', 'VBG'), ('performance', 'NN'), ('nice', 'RB'), ('good', 'JJ'), ('product', 'NN'), ('flipkart', 'NN'), ('happy', 'JJ'), ('thanks', 'NNS'), ('flipkart', 'VBP')]","['BRAND:Hindware', 'FEATURE:cooling']",0.9479,0.692,0.81995,0.44351059198379517
3,The product is awesome.. First you have to understand the difference between the air cooler and air conditioner. It cools my medium size room perfectly within 1 hour. Every cooler has a little noise like celling fan at high speed.. & you have to open the door or windows for cross ventilation so that it can work properly. The size is compact. Air flow is very good. I just love it & thanks Flipkart for door step Delevary on time..,The product is awesome.. First you have to understand the difference between the air cooler and air conditioner. It cools my medium size room perfectly within 1 hour. Every cooler has a little noise like celling fan at high speed.. & you have to open the door or windows for cross ventilation so that it can work properly. The size is compact. Air flow is very good. I just love it & thanks Flipkart for door step Delevary on time..,en,product awesome first understand difference air cooler air conditioner cool medium size room perfectly within hour every cooler little noise like celling fan high speed open door window cross ventilation work properly size compact air flow good love thanks flipkart door step delevary time,"['product', 'awesome', 'first', 'understand', 'difference', 'air', 'cooler', 'air', 'conditioner', 'cool', 'medium', 'size', 'room', 'perfectly', 'within', 'hour', 'every', 'cooler', 'little', 'noise', 'like', 'celling', 'fan', 'high', 'speed', 'open', 'door', 'window', 'cross', 'ventilation', 'work', 'properly', 'size', 'compact', 'air', 'flow', 'good', 'love', 'thanks', 'flipkart', 'door', 'step', 'delevary', 'time']","[('product', 'NN'), ('awesome', 'VB'), ('first', 'JJ'), ('understand', 'NN'), ('difference', 'NN'), ('air', 'NN'), ('cooler', 'NN'), ('air', 'NN'), ('conditioner', 'NN'), ('cool', 'JJ'), ('medium', 'NN'), ('size', 'NN'), ('room', 'NN'), ('perfectly', 'RB'), ('within', 'IN'), ('hour', 'NN'), ('every', 'DT'), ('cooler', 'NN'), ('little', 'JJ'), ('noise', 'NN'), ('like', 'IN'), ('celling', 'VBG'), ('fan', 'NN'), ('high', 'JJ'), ('speed', 'NN'), ('open', 'JJ'), ('door', 'NN'), ('window', 'NN'), ('cross', 'NN'), ('ventilation', 'NN'), ('work', 'NN'), ('properly', 'RB'), ('size', 'NN'), ('compact', 'JJ'), ('air', 'NN'), ('flow', 'NN'), ('good', 'JJ'), ('love', 'NN'), ('thanks', 'NNS'), ('flipkart', 'VBP'), ('door', 'JJ'), ('step', 'NN'), ('delevary', 'JJ'), ('time', 'NN')]",['FEATURE:fan'],0.96,0.34840909090909095,0.6542045454545454,0.44383078813552856
3,Super good for room when window is open,Super good for room when window is open,en,super good room window open,"['super', 'good', 'room', 'window', 'open']","[('super', 'JJ'), ('good', 'JJ'), ('room', 'NN'), ('window', 'NN'), ('open', 'JJ')]",[],0.7783,0.3444444444444444,0.5613722222222222,0.4436624050140381
3,"Cooling effect is good no doubt only when the surrounding wind flow is good too. But product material is not strong, need to be very careful while moving on floor and opening the windows to clean tank. Should be handel carefully. Price wise good for bachelor's nd couples staying in compact flat. While running not too much noisy but air flow is good till 7ft and covers good amount of area. But not sure if it can help to cool on peak summer like April May June, that will be challenging.","Cooling effect is good no doubt only when the surrounding wind flow is good too. But product material is not strong, need to be very careful while moving on floor and opening the windows to clean tank. Should be handel carefully. Price wise good for bachelor's nd couples staying in compact flat. While running not too much noisy but air flow is good till 7ft and covers good amount of area. But not sure if it can help to cool on peak summer like April May June, that will be challenging.",en,cooling effect good doubt surrounding wind flow good product material strong need careful moving floor opening window clean tank handel carefully price wise good bachelor couple staying compact flat running much noisy air flow good till 7ft cover good amount area sure help cool peak summer like april may june challenging,"['cooling', 'effect', 'good', 'doubt', 'surrounding', 'wind', 'flow', 'good', 'product', 'material', 'strong', 'need', 'careful', 'moving', 'floor', 'opening', 'window', 'clean', 'tank', 'handel', 'carefully', 'price', 'wise', 'good', 'bachelor', 'couple', 'staying', 'compact', 'flat', 'running', 'much', 'noisy', 'air', 'flow', 'good', 'till', '7ft', 'cover', 'good', 'amount', 'area', 'sure', 'help', 'cool', 'peak', 'summer', 'like', 'april', 'may', 'june', 'challenging']","[('cooling', 'VBG'), ('effect', 'NN'), ('good', 'JJ'), ('doubt', 'NN'), ('surrounding', 'VBG'), ('wind', 'NN'), ('flow', 'NN'), ('good', 'JJ'), ('product', 'NN'), ('material', 'NN'), ('strong', 'JJ'), ('need', 'NN'), ('careful', 'JJ'), ('moving', 'VBG'), ('floor', 'NN'), ('opening', 'VBG'), ('window', 'JJ'), ('clean', 'JJ'), ('tank', 'NN'), ('handel', 'NN'), ('carefully', 'RB'), ('price', 'NN'), ('wise', 'NN'), ('good', 'JJ'), ('bachelor', 'NN'), ('couple', 'NN'), ('staying', 'VBG'), ('compact', 'JJ'), ('flat', 'JJ'), ('running', 'VBG'), ('much', 'JJ'), ('noisy', 'NN'), ('air', 'NN'), ('flow', 'NN'), ('good', 'VBD'), ('till', 'JJ'), ('7ft', 'CD'), ('cover', 'RB'), ('good', 'JJ'), ('amount', 'NN'), ('area', 'NN'), ('sure', 'JJ'), ('help', 'NN'), ('cool', 'NN'), ('peak', 'VB'), ('summer', 'NN'), ('like', 'IN'), ('april', 'NN'), ('may', 'MD'), ('june', 'VB'), ('challenging', 'VBG')]",['FEATURE:cooling'],0.9839,0.3059375,0.64491875,0.4438122808933258
3,"Great looking product at this price point.
Great for bedroom and give cooling for complete day.
Flaps can be closed completely and blades are rotating
Quality of product is nice !","Great looking product at this price point.
Great for bedroom and give cooling for complete day.
Flaps can be closed completely and blades are rotating
Quality of product is nice !",en,great looking product price point great bedroom give cooling complete day flap closed completely blade rotating quality product nice,"['great', 'looking', 'product', 'price', 'point', 'great', 'bedroom', 'give', 'cooling', 'complete', 'day', 'flap', 'closed', 'completely', 'blade', 'rotating', 'quality', 'product', 'nice']","[('great', 'JJ'), ('looking', 'VBG'), ('product', 'NN'), ('price', 'NN'), ('point', 'NN'), ('great', 'JJ'), ('bedroom', 'NN'), ('give', 'VB'), ('cooling', 'VBG'), ('complete', 'JJ'), ('day', 'NN'), ('flap', 'NN'), ('closed', 'VBD'), ('completely', 'RB'), ('blade', 'JJ'), ('rotating', 'VBG'), ('quality', 'NN'), ('product', 'NN'), ('nice', 'NN')]",['FEATURE:cooling'],0.906,0.4083333333333334,0.6571666666666667,0.4435906410217285
3,"First I thank to flip kart and seller. They packed very and without any damaged as reach well at my home. Next I filled normal water and start a cooler. After I felt 25% air flow my room. Next day I add normal water and cold water .now It flew very well cooling effect. So I satisfied and recommend to others... Thanks to seller, delivery person and flip kart..","First I thank to flip kart and seller. They packed very and without any damaged as reach well at my home. Next I filled normal water and start a cooler. After I felt 25% air flow my room. Next day I add normal water and cold water .now It flew very well cooling effect. So I satisfied and recommend to others... Thanks to seller, delivery person and flip kart..",en,first thank flip kart seller packed without damaged reach well home next filled normal water start cooler felt air flow room next day add normal water cold water flew well cooling effect satisfied recommend others thanks seller delivery person flip kart,"['first', 'thank', 'flip', 'kart', 'seller', 'packed', 'without', 'damaged', 'reach', 'well', 'home', 'next', 'filled', 'normal', 'water', 'start', 'cooler', 'felt', 'air', 'flow', 'room', 'next', 'day', 'add', 'normal', 'water', 'cold', 'water', 'flew', 'well', 'cooling', 'effect', 'satisfied', 'recommend', 'others', 'thanks', 'seller', 'delivery', 'person', 'flip', 'kart']","[('first', 'RB'), ('thank', 'VB'), ('flip', 'JJ'), ('kart', 'NN'), ('seller', 'NN'), ('packed', 'VBD'), ('without', 'IN'), ('damaged', 'VBN'), ('reach', 'NN'), ('well', 'RB'), ('home', 'RB'), ('next', 'JJ'), ('filled', 'VBN'), ('normal', 'JJ'), ('water', 'NN'), ('start', 'VBP'), ('cooler', 'NN'), ('felt', 'VBD'), ('air', 'NN'), ('flow', 'NN'), ('room', 'NN'), ('next', 'JJ'), ('day', 'NN'), ('add', 'VB'), ('normal', 'JJ'), ('water', 'NN'), ('cold', 'JJ'), ('water', 'NN'), ('flew', 'VBD'), ('well', 'RB'), ('cooling', 'VBG'), ('effect', 'NN'), ('satisfied', 'VBD'), ('recommend', 'NN'), ('others', 'NNS'), ('thanks', 'VBP'), ('seller', 'VB'), ('delivery', 'NN'), ('person', 'NN'), ('flip', 'JJ'), ('kart', 'NN')]","['FEATURE:cooling', 'FEATURE:water']",0.9429,0.1318181818181818,0.5373590909090908,0.4441491663455963
3,Small size at this price. Value price 5000-5500 may be,Small size at this price. Value price 5000-5500 may be,en,small size price value price 5000 5500 may,"['small', 'size', 'price', 'value', 'price', '5000', '5500', 'may']","[('small', 'JJ'), ('size', 'NN'), ('price', 'NN'), ('value', 'NN'), ('price', 'NN'), ('5000', 'CD'), ('5500', 'CD'), ('may', 'MD')]",[],0.34,-0.25,0.04500000000000001,0.44364362955093384
3,"Good cooler, works fine and looks good. Water tank capacity is quite sufficient. Good air throw. Swing option works well. To get good air breeze, ventilation is must - which is common for all coolers. Power consumption is only 105W, which is a plus point. Overall good selection.","Good cooler, works fine and looks good. Water tank capacity is quite sufficient. Good air throw. Swing option works well. To get good air breeze, ventilation is must - which is common for all coolers. Power consumption is only 105W, which is a plus point. Overall good selection.",en,good cooler work fine look good water tank capacity quite sufficient good air throw swing option work well get good air breeze ventilation must common cooler power consumption 105w plus point overall good selection,"['good', 'cooler', 'work', 'fine', 'look', 'good', 'water', 'tank', 'capacity', 'quite', 'sufficient', 'good', 'air', 'throw', 'swing', 'option', 'work', 'well', 'get', 'good', 'air', 'breeze', 'ventilation', 'must', 'common', 'cooler', 'power', 'consumption', '105w', 'plus', 'point', 'overall', 'good', 'selection']","[('good', 'JJ'), ('cooler', 'NN'), ('work', 'NN'), ('fine', 'JJ'), ('look', 'NN'), ('good', 'JJ'), ('water', 'NN'), ('tank', 'NN'), ('capacity', 'NN'), ('quite', 'RB'), ('sufficient', 'JJ'), ('good', 'JJ'), ('air', 'NN'), ('throw', 'VBP'), ('swing', 'VBG'), ('option', 'NN'), ('work', 'NN'), ('well', 'RB'), ('get', 'VB'), ('good', 'JJ'), ('air', 'NN'), ('breeze', 'NN'), ('ventilation', 'NN'), ('must', 'MD'), ('common', 'JJ'), ('cooler', 'NN'), ('power', 'NN'), ('consumption', 'NN'), ('105w', 'CD'), ('plus', 'CC'), ('point', 'VB'), ('overall', 'JJ'), ('good', 'JJ'), ('selection', 'NN')]","['FEATURE:water', 'FEATURE:power']",0.9468,0.4018518518518519,0.674325925925926,0.4435778856277466
3,"Before buying this i saw many reviews about water leakage.. But i must tell you,there is very minimal leakage... If u r ordering this for ur personal room in hostel,or you leaving outside home,then it's totally fine... Even if u buy this for home,i don't think so that,the leakage prblm affect that much.. so i suggest you to go for it ...","Before buying this i saw many reviews about water leakage.. But i must tell you,there is very minimal leakage... If u r ordering this for ur personal room in hostel,or you leaving outside home,then it's totally fine... Even if u buy this for home,i don't think so that,the leakage prblm affect that much.. so i suggest you to go for it ...",en,buying saw many review water leakage must tell minimal leakage ordering personal room hostel leaving outside home totally fine even buy home think leakage prblm affect much suggest,"['buying', 'saw', 'many', 'review', 'water', 'leakage', 'must', 'tell', 'minimal', 'leakage', 'ordering', 'personal', 'room', 'hostel', 'leaving', 'outside', 'home', 'totally', 'fine', 'even', 'buy', 'home', 'think', 'leakage', 'prblm', 'affect', 'much', 'suggest']","[('buying', 'VBG'), ('saw', 'VBD'), ('many', 'JJ'), ('review', 'NN'), ('water', 'NN'), ('leakage', 'NN'), ('must', 'MD'), ('tell', 'VB'), ('minimal', 'JJ'), ('leakage', 'NN'), ('ordering', 'VBG'), ('personal', 'JJ'), ('room', 'NN'), ('hostel', 'NN'), ('leaving', 'VBG'), ('outside', 'JJ'), ('home', 'NN'), ('totally', 'RB'), ('fine', 'JJ'), ('even', 'RB'), ('buy', 'VBP'), ('home', 'NN'), ('think', 'VBP'), ('leakage', 'JJ'), ('prblm', 'NN'), ('affect', 'VBP'), ('much', 'JJ'), ('suggest', 'NN')]","['FEATURE:leak', 'FEATURE:water']",-0.5853,0.16444444444444442,-0.21042777777777782,0.4440433084964752
3,"Just koolin-awesome... Perfect for small n medium rooms. Just put a big ice cube in the water from back panel and wallah feel the snowcrest like cool effect. But needed good ventilation of windows and doors or else humidity wil stick like salt on your skin. Minor side water leakage can be solved by pushing the upper side of honey comb slightly inside. Stand with wheels could have been a best option instead. Loved the product, the design, the plastic body, the air flow and the reasonable price.","Just koolin-awesome... Perfect for small n medium rooms. Just put a big ice cube in the water from back panel and wallah feel the snowcrest like cool effect. But needed good ventilation of windows and doors or else humidity wil stick like salt on your skin. Minor side water leakage can be solved by pushing the upper side of honey comb slightly inside. Stand with wheels could have been a best option instead. Loved the product, the design, the plastic body, the air flow and the reasonable price.",en,koolin awesome perfect small medium room put big ice cube water back panel wallah feel snowcrest like cool effect needed good ventilation window door else humidity wil stick like salt skin minor side water leakage solved pushing upper side honey comb slightly inside stand wheel could best option instead loved product design plastic body air flow reasonable price,"['koolin', 'awesome', 'perfect', 'small', 'medium', 'room', 'put', 'big', 'ice', 'cube', 'water', 'back', 'panel', 'wallah', 'feel', 'snowcrest', 'like', 'cool', 'effect', 'needed', 'good', 'ventilation', 'window', 'door', 'else', 'humidity', 'wil', 'stick', 'like', 'salt', 'skin', 'minor', 'side', 'water', 'leakage', 'solved', 'pushing', 'upper', 'side', 'honey', 'comb', 'slightly', 'inside', 'stand', 'wheel', 'could', 'best', 'option', 'instead', 'loved', 'product', 'design', 'plastic', 'body', 'air', 'flow', 'reasonable', 'price']","[('koolin', 'NN'), ('awesome', 'JJ'), ('perfect', 'VBP'), ('small', 'JJ'), ('medium', 'NN'), ('room', 'NN'), ('put', 'VBD'), ('big', 'JJ'), ('ice', 'NN'), ('cube', 'NN'), ('water', 'NN'), ('back', 'RB'), ('panel', 'NN'), ('wallah', 'NN'), ('feel', 'VBP'), ('snowcrest', 'JJS'), ('like', 'IN'), ('cool', 'JJ'), ('effect', 'NN'), ('needed', 'VBD'), ('good', 'JJ'), ('ventilation', 'NN'), ('window', 'NN'), ('door', 'NN'), ('else', 'RB'), ('humidity', 'NN'), ('wil', 'VBP'), ('stick', 'NN'), ('like', 'IN'), ('salt', 'NN'), ('skin', 'FW'), ('minor', 'JJ'), ('side', 'NN'), ('water', 'NN'), ('leakage', 'NN'), ('solved', 'VBD'), ('pushing', 'VBG'), ('upper', 'JJ'), ('side', 'NN'), ('honey', 'NN'), ('comb', 'NN'), ('slightly', 'RB'), ('inside', 'RB'), ('stand', 'VBP'), ('wheel', 'NNS'), ('could', 'MD'), ('best', 'VB'), ('option', 'NN'), ('instead', 'RB'), ('loved', 'VBD'), ('product', 'NN'), ('design', 'NN'), ('plastic', 'NN'), ('body', 'NN'), ('air', 'NN'), ('flow', 'JJ'), ('reasonable', 'JJ'), ('price', 'NN')]","['FEATURE:leak', 'FEATURE:water']",0.9791,0.2902777777777778,0.6346888888888889,0.44402071833610535
3,"Excellent product with superb built-in quality for the price range with a decent cooling, can‚Äôt expect more from this segment of product","Excellent product with superb built-in quality for the price range with a decent cooling, can‚Äôt expect more from this segment of product",en,excellent product superb built quality price range decent cooling expect segment product,"['excellent', 'product', 'superb', 'built', 'quality', 'price', 'range', 'decent', 'cooling', 'expect', 'segment', 'product']","[('excellent', 'JJ'), ('product', 'NN'), ('superb', 'NN'), ('built', 'VBN'), ('quality', 'JJ'), ('price', 'NN'), ('range', 'NN'), ('decent', 'NN'), ('cooling', 'VBG'), ('expect', 'JJ'), ('segment', 'NN'), ('product', 'NN')]",['FEATURE:cooling'],0.8316,0.6666666666666666,0.7491333333333333,0.4434274435043335
3,Good one..,Good one..,en,good one,"['good', 'one']","[('good', 'JJ'), ('one', 'CD')]",[],0.4404,0.7,0.5702,0.44267940521240234
3,Nice Cooler suitable for small & medium size room for 3-4 persons. Cooler looks premium and weightless you can easily move. Air flow is average and cooling system is good. If you have small and medium size room this cooler is enough don't buy big size coolers(that takes more place and difficult to move). Inside it is having fan not blower that is one advantage fan always give good air flow compare to blower.At this price range this is the best cooler for medium size room for 3-4 persons.,Nice Cooler suitable for small & medium size room for 3-4 persons. Cooler looks premium and weightless you can easily move. Air flow is average and cooling system is good. If you have small and medium size room this cooler is enough don't buy big size coolers(that takes more place and difficult to move). Inside it is having fan not blower that is one advantage fan always give good air flow compare to blower.At this price range this is the best cooler for medium size room for 3-4 persons.,en,nice cooler suitable small medium size room person cooler look premium weightless easily move air flow average cooling system good small medium size room cooler enough buy big size cooler take place difficult move inside fan blower one advantage fan always give good air flow compare blower price range best cooler medium size room person,"['nice', 'cooler', 'suitable', 'small', 'medium', 'size', 'room', 'person', 'cooler', 'look', 'premium', 'weightless', 'easily', 'move', 'air', 'flow', 'average', 'cooling', 'system', 'good', 'small', 'medium', 'size', 'room', 'cooler', 'enough', 'buy', 'big', 'size', 'cooler', 'take', 'place', 'difficult', 'move', 'inside', 'fan', 'blower', 'one', 'advantage', 'fan', 'always', 'give', 'good', 'air', 'flow', 'compare', 'blower', 'price', 'range', 'best', 'cooler', 'medium', 'size', 'room', 'person']","[('nice', 'JJ'), ('cooler', 'NN'), ('suitable', 'JJ'), ('small', 'JJ'), ('medium', 'NN'), ('size', 'NN'), ('room', 'NN'), ('person', 'NN'), ('cooler', 'NN'), ('look', 'NN'), ('premium', 'JJ'), ('weightless', 'NN'), ('easily', 'RB'), ('move', 'VB'), ('air', 'NN'), ('flow', 'JJ'), ('average', 'NN'), ('cooling', 'VBG'), ('system', 'NN'), ('good', 'JJ'), ('small', 'JJ'), ('medium', 'NN'), ('size', 'NN'), ('room', 'NN'), ('cooler', 'NN'), ('enough', 'JJ'), ('buy', 'NN'), ('big', 'JJ'), ('size', 'NN'), ('cooler', 'NNS'), ('take', 'VBP'), ('place', 'NN'), ('difficult', 'JJ'), ('move', 'NN'), ('inside', 'IN'), ('fan', 'NN'), ('blower', 'VBP'), ('one', 'CD'), ('advantage', 'NN'), ('fan', 'NN'), ('always', 'RB'), ('give', 'VB'), ('good', 'JJ'), ('air', 'NN'), ('flow', 'NN'), ('compare', 'NN'), ('blower', 'NN'), ('price', 'NN'), ('range', 'NN'), ('best', 'JJS'), ('cooler', 'NN'), ('medium', 'NN'), ('size', 'NN'), ('room', 'NN'), ('person', 'NN')]","['FEATURE:cooling', 'FEATURE:fan']",0.9519,0.2564102564102564,0.6041551282051282,0.4437004625797272
3,"Adding review after 2 days of use, cooler is awesome in this price range, it has good air flow even cooling is good enough although summer hasn't come at it's verge, yet getting feeling that this cooler will prove itself a saviour from extreme summer heat...","Adding review after 2 days of use, cooler is awesome in this price range, it has good air flow even cooling is good enough although summer hasn't come at it's verge, yet getting feeling that this cooler will prove itself a saviour from extreme summer heat...",en,adding review day use cooler awesome price range good air flow even cooling good enough although summer come verge yet getting feeling cooler prove saviour extreme summer heat,"['adding', 'review', 'day', 'use', 'cooler', 'awesome', 'price', 'range', 'good', 'air', 'flow', 'even', 'cooling', 'good', 'enough', 'although', 'summer', 'come', 'verge', 'yet', 'getting', 'feeling', 'cooler', 'prove', 'saviour', 'extreme', 'summer', 'heat']","[('adding', 'VBG'), ('review', 'NN'), ('day', 'NN'), ('use', 'VB'), ('cooler', 'NN'), ('awesome', 'JJ'), ('price', 'NN'), ('range', 'NN'), ('good', 'JJ'), ('air', 'NN'), ('flow', 'VB'), ('even', 'RB'), ('cooling', 'VBG'), ('good', 'JJ'), ('enough', 'RB'), ('although', 'IN'), ('summer', 'NN'), ('come', 'VBP'), ('verge', 'NN'), ('yet', 'RB'), ('getting', 'VBG'), ('feeling', 'VBG'), ('cooler', 'NN'), ('prove', 'VB'), ('saviour', 'JJ'), ('extreme', 'NN'), ('summer', 'NN'), ('heat', 'NN')]",['FEATURE:cooling'],0.886,0.45499999999999996,0.6705,0.44366464018821716
3,"Good for now, Will update in summer. Cooler potential can only be judged during intense summer.","Good for now, Will update in summer. Cooler potential can only be judged during intense summer.",en,good update summer cooler potential judged intense summer,"['good', 'update', 'summer', 'cooler', 'potential', 'judged', 'intense', 'summer']","[('good', 'JJ'), ('update', 'NN'), ('summer', 'NN'), ('cooler', 'NN'), ('potential', 'NN'), ('judged', 'VBD'), ('intense', 'JJ'), ('summer', 'NN')]",[],0.4939,0.22499999999999998,0.35945,0.44295382499694824
3,It's actually not as expected sized cooler but after using it an Whole day tis cooler noise level is so down n is cooling the room with 5 people so good so don't go with size the quality and the power of this cooler is 4star rated in this price range ....‚ù§Ô∏èloved it #HINDWARE grate choice,It's actually not as expected sized cooler but after using it an Whole day tis cooler noise level is so down n is cooling the room with 5 people so good so don't go with size the quality and the power of this cooler is 4star rated in this price range ....‚ù§Ô∏èloved it #HINDWARE grate choice,en,actually expected sized cooler using whole day ti cooler noise level cooling room people good size quality power cooler 4star rated price range loved grate choice,"['actually', 'expected', 'sized', 'cooler', 'using', 'whole', 'day', 'ti', 'cooler', 'noise', 'level', 'cooling', 'room', 'people', 'good', 'size', 'quality', 'power', 'cooler', '4star', 'rated', 'price', 'range', 'loved', 'grate', 'choice']","[('actually', 'RB'), ('expected', 'VBN'), ('sized', 'JJ'), ('cooler', 'NN'), ('using', 'VBG'), ('whole', 'JJ'), ('day', 'NN'), ('ti', 'VB'), ('cooler', 'NN'), ('noise', 'NN'), ('level', 'NN'), ('cooling', 'VBG'), ('room', 'NN'), ('people', 'NNS'), ('good', 'JJ'), ('size', 'NN'), ('quality', 'NN'), ('power', 'NN'), ('cooler', 'NN'), ('4star', 'CD'), ('rated', 'VBN'), ('price', 'NN'), ('range', 'NN'), ('loved', 'VBD'), ('grate', 'JJ'), ('choice', 'NN')]","['FEATURE:cooling', 'FEATURE:power']",0.7279,0.1986111111111111,0.46325555555555553,0.44347983598709106
3,"Bought this product on 6th May 2021. Flipkart delivered it on 10th May 2021. Product received 2 days before the scheduled delivery that too in lockdown period. Packaging was good and product came a brand new.
I was looking for a personal cooler and i must say hindware cooler does his job very nicely. Cooling is great at this size of cooler. Water tank is sufficient. All you need is to keep cooler in a room and create ventilation to enjoy best cooling experience. Look wise cooler is super cute and very easy to keep it because of its tiny size. Great product. Must recommend to buy this summer and enjoy cooling.
If it would have ice chamber too that would be an plus for this cooler but without ice chamber also it does its job very well.","Bought this product on 6th May 2021. Flipkart delivered it on 10th May 2021. Product received 2 days before the scheduled delivery that too in lockdown period. Packaging was good and product came a brand new.
I was looking for a personal cooler and i must say hindware cooler does his job very nicely. Cooling is great at this size of cooler. Water tank is sufficient. All you need is to keep cooler in a room and create ventilation to enjoy best cooling experience. Look wise cooler is super cute and very easy to keep it because of its tiny size. Great product. Must recommend to buy this summer and enjoy cooling.
If it would have ice chamber too that would be an plus for this cooler but without ice chamber also it does its job very well.",en,bought product 6th may 2021 flipkart delivered 10th may 2021 product received day scheduled delivery lockdown period packaging good product came brand new looking personal cooler must say hindware cooler job nicely cooling great size cooler water tank sufficient need keep cooler room create ventilation enjoy best cooling experience look wise cooler super cute easy keep tiny size great product must recommend buy summer enjoy cooling would ice chamber would plus cooler without ice chamber also job well,"['bought', 'product', '6th', 'may', '2021', 'flipkart', 'delivered', '10th', 'may', '2021', 'product', 'received', 'day', 'scheduled', 'delivery', 'lockdown', 'period', 'packaging', 'good', 'product', 'came', 'brand', 'new', 'looking', 'personal', 'cooler', 'must', 'say', 'hindware', 'cooler', 'job', 'nicely', 'cooling', 'great', 'size', 'cooler', 'water', 'tank', 'sufficient', 'need', 'keep', 'cooler', 'room', 'create', 'ventilation', 'enjoy', 'best', 'cooling', 'experience', 'look', 'wise', 'cooler', 'super', 'cute', 'easy', 'keep', 'tiny', 'size', 'great', 'product', 'must', 'recommend', 'buy', 'summer', 'enjoy', 'cooling', 'would', 'ice', 'chamber', 'would', 'plus', 'cooler', 'without', 'ice', 'chamber', 'also', 'job', 'well']","[('bought', 'VBD'), ('product', 'NN'), ('6th', 'CD'), ('may', 'MD'), ('2021', 'CD'), ('flipkart', 'VB'), ('delivered', 'VBN'), ('10th', 'CD'), ('may', 'MD'), ('2021', 'CD'), ('product', 'NN'), ('received', 'VBD'), ('day', 'NN'), ('scheduled', 'VBN'), ('delivery', 'NN'), ('lockdown', 'JJ'), ('period', 'NN'), ('packaging', 'NN'), ('good', 'JJ'), ('product', 'NN'), ('came', 'VBD'), ('brand', 'NN'), ('new', 'JJ'), ('looking', 'VBG'), ('personal', 'JJ'), ('cooler', 'NN'), ('must', 'MD'), ('say', 'VB'), ('hindware', 'NN'), ('cooler', 'NN'), ('job', 'NN'), ('nicely', 'RB'), ('cooling', 'VBG'), ('great', 'JJ'), ('size', 'NN'), ('cooler', 'NN'), ('water', 'NN'), ('tank', 'NN'), ('sufficient', 'JJ'), ('need', 'NN'), ('keep', 'VB'), ('cooler', 'NN'), ('room', 'NN'), ('create', 'NN'), ('ventilation', 'NN'), ('enjoy', 'NN'), ('best', 'RBS'), ('cooling', 'VBG'), ('experience', 'NN'), ('look', 'NN'), ('wise', 'VBP'), ('cooler', 'NN'), ('super', 'JJ'), ('cute', 'NN'), ('easy', 'JJ'), ('keep', 'VB'), ('tiny', 'JJ'), ('size', 'NN'), ('great', 'JJ'), ('product', 'NN'), ('must', 'MD'), ('recommend', 'VB'), ('buy', 'VB'), ('summer', 'NN'), ('enjoy', 'IN'), ('cooling', 'VBG'), ('would', 'MD'), ('ice', 'VB'), ('chamber', 'NN'), ('would', 'MD'), ('plus', 'VB'), ('cooler', 'NN'), ('without', 'IN'), ('ice', 'JJ'), ('chamber', 'NN'), ('also', 'RB'), ('job', 'NN'), ('well', 'RB')]","['BRAND:Hindware', 'FEATURE:cooling', 'FEATURE:water']",0.9748,0.4875353535353535,0.7311676767676767,0.4439496099948883
3,Just awesome product.... Delivery on time.... It's functioning very good..... Behaviour of the delivery executive was very good....I'm very happy......Same as shown in the picture..... Everything is just awesome....I just loved it very much..... Thank you Flipkart and delivery executive for good servicing.......ü•∞ü•∞ü•∞ü•∞ü•∞ü•∞‚ù§Ô∏è‚ù§Ô∏è‚ù§Ô∏è‚ù§Ô∏è‚ù§Ô∏è‚ù§Ô∏è,Just awesome product.... Delivery on time.... It's functioning very good..... Behaviour of the delivery executive was very good....I'm very happy......Same as shown in the picture..... Everything is just awesome....I just loved it very much..... Thank you Flipkart and delivery executive for good servicing.......ü•∞ü•∞ü•∞ü•∞ü•∞ü•∞‚ù§Ô∏è‚ù§Ô∏è‚ù§Ô∏è‚ù§Ô∏è‚ù§Ô∏è‚ù§Ô∏è,en,awesome product delivery time functioning good behaviour delivery executive good happy shown picture everything awesome loved much thank flipkart delivery executive good servicing,"['awesome', 'product', 'delivery', 'time', 'functioning', 'good', 'behaviour', 'delivery', 'executive', 'good', 'happy', 'shown', 'picture', 'everything', 'awesome', 'loved', 'much', 'thank', 'flipkart', 'delivery', 'executive', 'good', 'servicing']","[('awesome', 'JJ'), ('product', 'NN'), ('delivery', 'NN'), ('time', 'NN'), ('functioning', 'VBG'), ('good', 'JJ'), ('behaviour', 'NN'), ('delivery', 'NN'), ('executive', 'NN'), ('good', 'JJ'), ('happy', 'JJ'), ('shown', 'VBN'), ('picture', 'NN'), ('everything', 'NN'), ('awesome', 'RB'), ('loved', 'VBD'), ('much', 'JJ'), ('thank', 'IN'), ('flipkart', 'JJ'), ('delivery', 'NN'), ('executive', 'NN'), ('good', 'JJ'), ('servicing', 'NN')]",[],0.9284,0.5671428571428571,0.7477714285714285,0.4437883496284485
3,leakage in water,leakage in water,af,leakage water,"['leakage', 'water']","[('leakage', 'NN'), ('water', 'NN')]","['FEATURE:leak', 'FEATURE:water']",0.0,0.0,0.0,0.44382190704345703
3,"Cooler is consist of one fan ,one submersible pump ,three side honeycomb pad,one water tank and some electrical circuits. Don't expect too much cooling , it's just a cooling fan. The cooler cools to a specific area,it will not cool the room.This much amount for these component is high.it could be in between 2500 to 3500. However, under 6000 this product is better than most of the cooler available in the market. The product I got is bent from two sides.","Cooler is consist of one fan ,one submersible pump ,three side honeycomb pad,one water tank and some electrical circuits. Don't expect too much cooling , it's just a cooling fan. The cooler cools to a specific area,it will not cool the room.This much amount for these component is high.it could be in between 2500 to 3500. However, under 6000 this product is better than most of the cooler available in the market. The product I got is bent from two sides.",en,cooler consist one fan one submersible pump three side honeycomb pad one water tank electrical circuit expect much cooling cooling fan cooler cool specific area cool room much amount component high could 2500 3500 however 6000 product better cooler available market product got bent two side,"['cooler', 'consist', 'one', 'fan', 'one', 'submersible', 'pump', 'three', 'side', 'honeycomb', 'pad', 'one', 'water', 'tank', 'electrical', 'circuit', 'expect', 'much', 'cooling', 'cooling', 'fan', 'cooler', 'cool', 'specific', 'area', 'cool', 'room', 'much', 'amount', 'component', 'high', 'could', '2500', '3500', 'however', '6000', 'product', 'better', 'cooler', 'available', 'market', 'product', 'got', 'bent', 'two', 'side']","[('cooler', 'NN'), ('consist', 'VBP'), ('one', 'CD'), ('fan', 'NN'), ('one', 'CD'), ('submersible', 'JJ'), ('pump', 'NN'), ('three', 'CD'), ('side', 'NN'), ('honeycomb', 'NN'), ('pad', 'VBP'), ('one', 'CD'), ('water', 'NN'), ('tank', 'NN'), ('electrical', 'JJ'), ('circuit', 'NN'), ('expect', 'VBP'), ('much', 'JJ'), ('cooling', 'NN'), ('cooling', 'VBG'), ('fan', 'NN'), ('cooler', 'NN'), ('cool', 'NN'), ('specific', 'JJ'), ('area', 'NN'), ('cool', 'NN'), ('room', 'NN'), ('much', 'JJ'), ('amount', 'NN'), ('component', 'NN'), ('high', 'RB'), ('could', 'MD'), ('2500', 'CD'), ('3500', 'CD'), ('however', 'RB'), ('6000', 'CD'), ('product', 'NN'), ('better', 'RBR'), ('cooler', 'NN'), ('available', 'JJ'), ('market', 'NN'), ('product', 'NN'), ('got', 'VBD'), ('bent', 'JJ'), ('two', 'CD'), ('side', 'NN')]","['FEATURE:cooling', 'FEATURE:fan', 'FEATURE:water']",0.6745,0.23214285714285715,0.45332142857142854,0.44386279582977295
3,"4 out of 5 Design.
4 out of 5 noise
5 out of 5 tank capacity. Sufficient capacity for two days of water.
5 out of 5 Air throw
3 out of 5 ice chamber
4 out of 5 cooling. The main reason is honeycomb pads are not enough dense.

Overall good purchase. I am satisfied.
You can go with this.","4 out of 5 Design.
4 out of 5 noise
5 out of 5 tank capacity. Sufficient capacity for two days of water.
5 out of 5 Air throw
3 out of 5 ice chamber
4 out of 5 cooling. The main reason is honeycomb pads are not enough dense.

Overall good purchase. I am satisfied.
You can go with this.",en,design noise tank capacity sufficient capacity two day water air throw ice chamber cooling main reason honeycomb pad enough dense overall good purchase satisfied,"['design', 'noise', 'tank', 'capacity', 'sufficient', 'capacity', 'two', 'day', 'water', 'air', 'throw', 'ice', 'chamber', 'cooling', 'main', 'reason', 'honeycomb', 'pad', 'enough', 'dense', 'overall', 'good', 'purchase', 'satisfied']","[('design', 'NN'), ('noise', 'NN'), ('tank', 'NN'), ('capacity', 'NN'), ('sufficient', 'JJ'), ('capacity', 'NN'), ('two', 'CD'), ('day', 'NN'), ('water', 'NN'), ('air', 'NN'), ('throw', 'VBP'), ('ice', 'JJ'), ('chamber', 'NN'), ('cooling', 'VBG'), ('main', 'JJ'), ('reason', 'NN'), ('honeycomb', 'NN'), ('pad', 'NN'), ('enough', 'JJ'), ('dense', 'NN'), ('overall', 'JJ'), ('good', 'JJ'), ('purchase', 'NN'), ('satisfied', 'VBD')]","['FEATURE:cooling', 'FEATURE:water']",0.6908,0.2733333333333333,0.48206666666666664,0.44394636154174805
3,"First week:
Enough sturdy, good fan and cooling capacity for small to medium sized rooms. Not for halls or large rooms. It says 45 litres but I think it's lesser thought of rating a star less for this but didn't do it as it serves the purpose.
Second week:
Leakage problem starts
No option to remove, replace, clean or adjust sides as the option to do so is not available, only rear side is detachable. Final verdict not recommended because of undetachable sides. A good product with major defect.
Third week:
Water leakage stopped automatically, but one drawback with is side pads are not detachable.","First week:
Enough sturdy, good fan and cooling capacity for small to medium sized rooms. Not for halls or large rooms. It says 45 litres but I think it's lesser thought of rating a star less for this but didn't do it as it serves the purpose.
Second week:
Leakage problem starts
No option to remove, replace, clean or adjust sides as the option to do so is not available, only rear side is detachable. Final verdict not recommended because of undetachable sides. A good product with major defect.
Third week:
Water leakage stopped automatically, but one drawback with is side pads are not detachable.",en,first week enough sturdy good fan cooling capacity small medium sized room hall large room say litre think lesser thought rating star less serf purpose second week leakage problem start option remove replace clean adjust side option available rear side detachable final verdict recommended undetachable side good product major defect third week water leakage stopped automatically one drawback side pad detachable,"['first', 'week', 'enough', 'sturdy', 'good', 'fan', 'cooling', 'capacity', 'small', 'medium', 'sized', 'room', 'hall', 'large', 'room', 'say', 'litre', 'think', 'lesser', 'thought', 'rating', 'star', 'less', 'serf', 'purpose', 'second', 'week', 'leakage', 'problem', 'start', 'option', 'remove', 'replace', 'clean', 'adjust', 'side', 'option', 'available', 'rear', 'side', 'detachable', 'final', 'verdict', 'recommended', 'undetachable', 'side', 'good', 'product', 'major', 'defect', 'third', 'week', 'water', 'leakage', 'stopped', 'automatically', 'one', 'drawback', 'side', 'pad', 'detachable']","[('first', 'JJ'), ('week', 'NN'), ('enough', 'RB'), ('sturdy', 'JJ'), ('good', 'JJ'), ('fan', 'NN'), ('cooling', 'VBG'), ('capacity', 'NN'), ('small', 'JJ'), ('medium', 'NN'), ('sized', 'VBN'), ('room', 'NN'), ('hall', 'NN'), ('large', 'JJ'), ('room', 'NN'), ('say', 'VBP'), ('litre', 'JJ'), ('think', 'VBP'), ('lesser', 'JJR'), ('thought', 'NN'), ('rating', 'NN'), ('star', 'NN'), ('less', 'JJR'), ('serf', 'JJ'), ('purpose', 'JJ'), ('second', 'JJ'), ('week', 'NN'), ('leakage', 'NN'), ('problem', 'NN'), ('start', 'NN'), ('option', 'NN'), ('remove', 'VB'), ('replace', 'VB'), ('clean', 'JJ'), ('adjust', 'JJ'), ('side', 'NN'), ('option', 'NN'), ('available', 'JJ'), ('rear', 'JJ'), ('side', 'NN'), ('detachable', 'JJ'), ('final', 'JJ'), ('verdict', 'NN'), ('recommended', 'VBD'), ('undetachable', 'JJ'), ('side', 'NN'), ('good', 'JJ'), ('product', 'NN'), ('major', 'JJ'), ('defect', 'JJ'), ('third', 'JJ'), ('week', 'NN'), ('water', 'NN'), ('leakage', 'NN'), ('stopped', 'VBD'), ('automatically', 'RB'), ('one', 'CD'), ('drawback', 'NN'), ('side', 'NN'), ('pad', 'NN'), ('detachable', 'JJ')]","['FEATURE:cooling', 'FEATURE:leak', 'FEATURE:fan', 'FEATURE:water']",-0.1994,0.1117857142857143,-0.04380714285714285,0.44402262568473816
3,Nice one for medium type rooms cools effectively. Thanks to delivery boy as he delivered the product to 3rd floor.,Nice one for medium type rooms cools effectively. Thanks to delivery boy as he delivered the product to 3rd floor.,en,nice one medium type room cool effectively thanks delivery boy delivered product 3rd floor,"['nice', 'one', 'medium', 'type', 'room', 'cool', 'effectively', 'thanks', 'delivery', 'boy', 'delivered', 'product', '3rd', 'floor']","[('nice', 'JJ'), ('one', 'CD'), ('medium', 'NN'), ('type', 'NN'), ('room', 'NN'), ('cool', 'NN'), ('effectively', 'RB'), ('thanks', 'VBZ'), ('delivery', 'NN'), ('boy', 'NN'), ('delivered', 'VBD'), ('product', 'NN'), ('3rd', 'CD'), ('floor', 'NN')]",[],0.8225,0.26666666666666666,0.5445833333333333,0.4437127709388733
3,"It cools very fastly ,best cooler at this price and daily fill fresh water for best cooling results, when not in use cover up the air cooler with its card board or rut box or wrap some old clothes otherwise mosquitos will make its nest","It cools very fastly ,best cooler at this price and daily fill fresh water for best cooling results, when not in use cover up the air cooler with its card board or rut box or wrap some old clothes otherwise mosquitos will make its nest",en,cool fastly best cooler price daily fill fresh water best cooling result use cover air cooler card board rut box wrap old clothes otherwise mosquito make nest,"['cool', 'fastly', 'best', 'cooler', 'price', 'daily', 'fill', 'fresh', 'water', 'best', 'cooling', 'result', 'use', 'cover', 'air', 'cooler', 'card', 'board', 'rut', 'box', 'wrap', 'old', 'clothes', 'otherwise', 'mosquito', 'make', 'nest']","[('cool', 'NN'), ('fastly', 'RB'), ('best', 'RB'), ('cooler', 'JJ'), ('price', 'NN'), ('daily', 'RB'), ('fill', 'VB'), ('fresh', 'JJ'), ('water', 'NN'), ('best', 'JJS'), ('cooling', 'VBG'), ('result', 'NN'), ('use', 'NN'), ('cover', 'NN'), ('air', 'NN'), ('cooler', 'VBZ'), ('card', 'RB'), ('board', 'NN'), ('rut', 'NN'), ('box', 'NN'), ('wrap', 'NN'), ('old', 'JJ'), ('clothes', 'NNS'), ('otherwise', 'RB'), ('mosquito', 'VBP'), ('make', 'VBP'), ('nest', 'JJS')]","['FEATURE:cooling', 'FEATURE:water']",0.9053,0.48,0.69265,0.44378820061683655
3,For small room it's really good,For small room it's really good,en,small room really good,"['small', 'room', 'really', 'good']","[('small', 'JJ'), ('room', 'NN'), ('really', 'RB'), ('good', 'JJ')]",[],0.4927,0.22499999999999998,0.35885,0.44330033659935
3,is good product,is good product,en,good product,"['good', 'product']","[('good', 'JJ'), ('product', 'NN')]",[],0.4404,0.7,0.5702,0.4420183300971985
3,Received my product just one hour ago. It's looking so cool & I am very excited to use it because its my first ever cooler purchase..I wanna say that its the best cooler under 6k. Thanks Flipkart..!!,Received my product just one hour ago. It's looking so cool & I am very excited to use it because its my first ever cooler purchase..I wanna say that its the best cooler under 6k. Thanks Flipkart..!!,en,received product one hour ago looking cool excited use first ever cooler purchase wan say best cooler thanks flipkart,"['received', 'product', 'one', 'hour', 'ago', 'looking', 'cool', 'excited', 'use', 'first', 'ever', 'cooler', 'purchase', 'wan', 'say', 'best', 'cooler', 'thanks', 'flipkart']","[('received', 'VBN'), ('product', 'NN'), ('one', 'CD'), ('hour', 'NN'), ('ago', 'IN'), ('looking', 'VBG'), ('cool', 'NN'), ('excited', 'VBD'), ('use', 'NN'), ('first', 'RB'), ('ever', 'RB'), ('cooler', 'JJR'), ('purchase', 'NN'), ('wan', 'NNS'), ('say', 'VBP'), ('best', 'JJS'), ('cooler', 'NN'), ('thanks', 'NNS'), ('flipkart', 'VBP')]",[],0.9241,0.48,0.7020500000000001,0.44396600127220154
3,"The hindware cooler was awesome and nice cooling for personal and bedroom use but the size were too small..
Company or seller should give at least 1 stand for this cooler for more increase in height.......because when we put this on ground level it shoud give air half of the bed at half upper side and half bottom side due to small in size....
Soo it needs more height......","The hindware cooler was awesome and nice cooling for personal and bedroom use but the size were too small..
Company or seller should give at least 1 stand for this cooler for more increase in height.......because when we put this on ground level it shoud give air half of the bed at half upper side and half bottom side due to small in size....
Soo it needs more height......",en,hindware cooler awesome nice cooling personal bedroom use size small company seller give least stand cooler increase height put ground level shoud give air half bed half upper side half bottom side due small size soo need height,"['hindware', 'cooler', 'awesome', 'nice', 'cooling', 'personal', 'bedroom', 'use', 'size', 'small', 'company', 'seller', 'give', 'least', 'stand', 'cooler', 'increase', 'height', 'put', 'ground', 'level', 'shoud', 'give', 'air', 'half', 'bed', 'half', 'upper', 'side', 'half', 'bottom', 'side', 'due', 'small', 'size', 'soo', 'need', 'height']","[('hindware', 'NN'), ('cooler', 'NN'), ('awesome', 'JJ'), ('nice', 'JJ'), ('cooling', 'VBG'), ('personal', 'JJ'), ('bedroom', 'NN'), ('use', 'NN'), ('size', 'NN'), ('small', 'JJ'), ('company', 'NN'), ('seller', 'NN'), ('give', 'VBP'), ('least', 'JJS'), ('stand', 'VBP'), ('cooler', 'JJ'), ('increase', 'NN'), ('height', 'VBD'), ('put', 'VBN'), ('ground', 'RP'), ('level', 'JJ'), ('shoud', 'NN'), ('give', 'VBP'), ('air', 'NN'), ('half', 'NN'), ('bed', 'VBD'), ('half', 'JJ'), ('upper', 'JJ'), ('side', 'NN'), ('half', 'NN'), ('bottom', 'JJ'), ('side', 'NN'), ('due', 'JJ'), ('small', 'JJ'), ('size', 'NN'), ('soo', 'NNS'), ('need', 'VBP'), ('height', 'NN')]","['BRAND:Hindware', 'FEATURE:cooling']",0.7808,0.09038461538461537,0.4355923076923077,0.44405946135520935
3,"Hindware 45 L cooler is good and working well as of now.
got this cooler within a day of booking. cooling is good and cools 160 Sq FT area easily in 15 mins.. good for medium size room...
button knob should have markings or indicator for function selection and speed selection..
ice chamber should have been provided...
I m mostly using on speed 1 and still provides good air throw.. on high speed noise level also increases..
overall plastic quality is good.
hoping it would last long and less repair and maintenance is required..
satisfied with the product..","Hindware 45 L cooler is good and working well as of now.
got this cooler within a day of booking. cooling is good and cools 160 Sq FT area easily in 15 mins.. good for medium size room...
button knob should have markings or indicator for function selection and speed selection..
ice chamber should have been provided...
I m mostly using on speed 1 and still provides good air throw.. on high speed noise level also increases..
overall plastic quality is good.
hoping it would last long and less repair and maintenance is required..
satisfied with the product..",en,hindware cooler good working well got cooler within day booking cooling good cool 160 area easily min good medium size room button knob marking indicator function selection speed selection ice chamber provided mostly using speed still provides good air throw high speed noise level also increase overall plastic quality good hoping would last long less repair maintenance required satisfied product,"['hindware', 'cooler', 'good', 'working', 'well', 'got', 'cooler', 'within', 'day', 'booking', 'cooling', 'good', 'cool', '160', 'area', 'easily', 'min', 'good', 'medium', 'size', 'room', 'button', 'knob', 'marking', 'indicator', 'function', 'selection', 'speed', 'selection', 'ice', 'chamber', 'provided', 'mostly', 'using', 'speed', 'still', 'provides', 'good', 'air', 'throw', 'high', 'speed', 'noise', 'level', 'also', 'increase', 'overall', 'plastic', 'quality', 'good', 'hoping', 'would', 'last', 'long', 'less', 'repair', 'maintenance', 'required', 'satisfied', 'product']","[('hindware', 'NN'), ('cooler', 'NN'), ('good', 'JJ'), ('working', 'VBG'), ('well', 'RB'), ('got', 'RB'), ('cooler', 'NN'), ('within', 'IN'), ('day', 'NN'), ('booking', 'VBG'), ('cooling', 'VBG'), ('good', 'JJ'), ('cool', 'NN'), ('160', 'CD'), ('area', 'NN'), ('easily', 'RB'), ('min', 'RB'), ('good', 'JJ'), ('medium', 'NN'), ('size', 'NN'), ('room', 'NN'), ('button', 'NN'), ('knob', 'NN'), ('marking', 'VBG'), ('indicator', 'NN'), ('function', 'NN'), ('selection', 'NN'), ('speed', 'NN'), ('selection', 'NN'), ('ice', 'NN'), ('chamber', 'NN'), ('provided', 'VBD'), ('mostly', 'RB'), ('using', 'VBG'), ('speed', 'NN'), ('still', 'RB'), ('provides', 'VBZ'), ('good', 'JJ'), ('air', 'NN'), ('throw', 'VBP'), ('high', 'JJ'), ('speed', 'NN'), ('noise', 'NN'), ('level', 'NN'), ('also', 'RB'), ('increase', 'VB'), ('overall', 'JJ'), ('plastic', 'JJ'), ('quality', 'NN'), ('good', 'JJ'), ('hoping', 'NN'), ('would', 'MD'), ('last', 'JJ'), ('long', 'RB'), ('less', 'RBR'), ('repair', 'JJ'), ('maintenance', 'NN'), ('required', 'VBN'), ('satisfied', 'JJ'), ('product', 'NN')]","['BRAND:Hindware', 'FEATURE:cooling']",0.9705,0.37512820512820516,0.6728141025641026,0.44370946288108826
3,Side windows not level,Side windows not level,en,side window level,"['side', 'window', 'level']","[('side', 'NN'), ('window', 'NN'), ('level', 'NN')]",[],0.0,0.0,0.0,0.44411954283714294
3,"Product is ok for couples or for three persons
it is good for small rooms i am writing this reveiw after 5 days,
one thing i want to mention is, its started making unusual sounds from inside within a week of purchase. i have called customer care exe they are replacing its motor.","Product is ok for couples or for three persons
it is good for small rooms i am writing this reveiw after 5 days,
one thing i want to mention is, its started making unusual sounds from inside within a week of purchase. i have called customer care exe they are replacing its motor.",en,product couple three person good small room writing reveiw day one thing want mention started making unusual sound inside within week purchase called customer care exe replacing motor,"['product', 'couple', 'three', 'person', 'good', 'small', 'room', 'writing', 'reveiw', 'day', 'one', 'thing', 'want', 'mention', 'started', 'making', 'unusual', 'sound', 'inside', 'within', 'week', 'purchase', 'called', 'customer', 'care', 'exe', 'replacing', 'motor']","[('product', 'NN'), ('couple', 'NN'), ('three', 'CD'), ('person', 'NN'), ('good', 'JJ'), ('small', 'JJ'), ('room', 'NN'), ('writing', 'VBG'), ('reveiw', 'JJ'), ('day', 'NN'), ('one', 'CD'), ('thing', 'NN'), ('want', 'JJ'), ('mention', 'NN'), ('started', 'VBD'), ('making', 'VBG'), ('unusual', 'JJ'), ('sound', 'NN'), ('inside', 'IN'), ('within', 'IN'), ('week', 'NN'), ('purchase', 'NN'), ('called', 'VBN'), ('customer', 'NN'), ('care', 'NN'), ('exe', 'VBZ'), ('replacing', 'VBG'), ('motor', 'NN')]",[],0.8225,0.2875,0.5549999999999999,0.44387122988700867
3,It's Good Product,It's Good Product,en,good product,"['good', 'product']","[('good', 'JJ'), ('product', 'NN')]",[],0.4404,0.7,0.5702,0.4420183300971985
3,Super super,Super super,id,super super,"['super', 'super']","[('super', 'JJ'), ('super', 'NN')]",[],0.8316,0.3333333333333333,0.5824666666666667,0.44428080320358276
3,"For Overall build quality and material used - 1 Star
For Properly Water Distribution Design to spray over every honey comb equally used - 1 Star
For Maximum Tank which is of 45 Ltr water storage capacity when compared to other brands products have the same price range used - 1 Star
For Energy Efficient which is Power Consumption of - 105 W - 1 star
For compact size- 1 star.

Few Cons- Higher price of 6000. price should have lower to 5k. Bought it @5400 using credit card offer and even in low speed air throw/fan speed is high.
Overall it is okay in this price range.. can be used for small room and single person.","For Overall build quality and material used - 1 Star
For Properly Water Distribution Design to spray over every honey comb equally used - 1 Star
For Maximum Tank which is of 45 Ltr water storage capacity when compared to other brands products have the same price range used - 1 Star
For Energy Efficient which is Power Consumption of - 105 W - 1 star
For compact size- 1 star.

Few Cons- Higher price of 6000. price should have lower to 5k. Bought it @5400 using credit card offer and even in low speed air throw/fan speed is high.
Overall it is okay in this price range.. can be used for small room and single person.",en,overall build quality material used star properly water distribution design spray every honey comb equally used star maximum tank ltr water storage capacity compared brand product price range used star energy efficient power consumption 105 star compact size star con higher price 6000 price lower bought using credit card offer even low speed air throw fan speed high overall okay price range used small room single person,"['overall', 'build', 'quality', 'material', 'used', 'star', 'properly', 'water', 'distribution', 'design', 'spray', 'every', 'honey', 'comb', 'equally', 'used', 'star', 'maximum', 'tank', 'ltr', 'water', 'storage', 'capacity', 'compared', 'brand', 'product', 'price', 'range', 'used', 'star', 'energy', 'efficient', 'power', 'consumption', '105', 'star', 'compact', 'size', 'star', 'con', 'higher', 'price', '6000', 'price', 'lower', 'bought', 'using', 'credit', 'card', 'offer', 'even', 'low', 'speed', 'air', 'throw', 'fan', 'speed', 'high', 'overall', 'okay', 'price', 'range', 'used', 'small', 'room', 'single', 'person']","[('overall', 'JJ'), ('build', 'VBP'), ('quality', 'NN'), ('material', 'NN'), ('used', 'VBN'), ('star', 'NN'), ('properly', 'RB'), ('water', 'NN'), ('distribution', 'NN'), ('design', 'NN'), ('spray', 'NN'), ('every', 'DT'), ('honey', 'NN'), ('comb', 'NN'), ('equally', 'RB'), ('used', 'JJ'), ('star', 'NN'), ('maximum', 'JJ'), ('tank', 'NN'), ('ltr', 'JJ'), ('water', 'NN'), ('storage', 'NN'), ('capacity', 'NN'), ('compared', 'VBN'), ('brand', 'NN'), ('product', 'NN'), ('price', 'NN'), ('range', 'NN'), ('used', 'VBN'), ('star', 'NN'), ('energy', 'NN'), ('efficient', 'JJ'), ('power', 'NN'), ('consumption', 'NN'), ('105', 'CD'), ('star', 'NN'), ('compact', 'JJ'), ('size', 'NN'), ('star', 'NN'), ('con', 'NN'), ('higher', 'JJR'), ('price', 'NN'), ('6000', 'CD'), ('price', 'NN'), ('lower', 'RBR'), ('bought', 'VBD'), ('using', 'VBG'), ('credit', 'NN'), ('card', 'NN'), ('offer', 'VBP'), ('even', 'RB'), ('low', 'JJ'), ('speed', 'NN'), ('air', 'NN'), ('throw', 'VBP'), ('fan', 'NN'), ('speed', 'NN'), ('high', 'JJ'), ('overall', 'JJ'), ('okay', 'JJ'), ('price', 'NN'), ('range', 'NN'), ('used', 'VBD'), ('small', 'JJ'), ('room', 'NN'), ('single', 'JJ'), ('person', 'NN')]","['FEATURE:fan', 'FEATURE:water', 'FEATURE:power']",0.6249,0.020274725274725274,0.32258736263736265,0.4439117908477783
3,"Cooler buit 3.5/5
Fan speed 5/5
3 Colling vent 4/5
Fan Noise 3/5
Wheels 4/5
Water capacity is 55 L 5/5
Cooling 3.7/5

Overall experience is good you can go for it","Cooler buit 3.5/5
Fan speed 5/5
3 Colling vent 4/5
Fan Noise 3/5
Wheels 4/5
Water capacity is 55 L 5/5
Cooling 3.7/5

Overall experience is good you can go for it",en,cooler buit fan speed colling vent fan noise wheel water capacity cooling overall experience good,"['cooler', 'buit', 'fan', 'speed', 'colling', 'vent', 'fan', 'noise', 'wheel', 'water', 'capacity', 'cooling', 'overall', 'experience', 'good']","[('cooler', 'NN'), ('buit', 'NN'), ('fan', 'NN'), ('speed', 'NN'), ('colling', 'VBG'), ('vent', 'NN'), ('fan', 'NN'), ('noise', 'NN'), ('wheel', 'NN'), ('water', 'NN'), ('capacity', 'NN'), ('cooling', 'VBG'), ('overall', 'JJ'), ('experience', 'NN'), ('good', 'NN')]","['FEATURE:cooling', 'FEATURE:fan', 'FEATURE:water']",0.7579,0.35,0.5539499999999999,0.4438020586967468
3,"Water leak ,worst quality","Water leak ,worst quality",en,water leak worst quality,"['water', 'leak', 'worst', 'quality']","[('water', 'NN'), ('leak', 'NN'), ('worst', 'JJS'), ('quality', 'NN')]","['FEATURE:leak', 'FEATURE:water']",-0.7579,-1.0,-0.87895,0.44340139627456665
3,Good Product,Good Product,en,good product,"['good', 'product']","[('good', 'JJ'), ('product', 'NN')]",[],0.4404,0.7,0.5702,0.4420183300971985
3,Very good cooler,Very good cooler,en,good cooler,"['good', 'cooler']","[('good', 'JJ'), ('cooler', 'NN')]",[],0.4927,0.9099999999999999,0.7013499999999999,0.4422130286693573
3,"Overall a good product, good cooling, sufficient water for overnight, more than enough.

Cons:
- Noise
- random water spilling (can be fixed by adjusting the cartons - honeybee)
- lack of mosquito net (it would have reduced water spillage)","Overall a good product, good cooling, sufficient water for overnight, more than enough.

Cons:
- Noise
- random water spilling (can be fixed by adjusting the cartons - honeybee)
- lack of mosquito net (it would have reduced water spillage)",en,overall good product good cooling sufficient water overnight enough con noise random water spilling fixed adjusting carton honeybee lack mosquito net would reduced water spillage,"['overall', 'good', 'product', 'good', 'cooling', 'sufficient', 'water', 'overnight', 'enough', 'con', 'noise', 'random', 'water', 'spilling', 'fixed', 'adjusting', 'carton', 'honeybee', 'lack', 'mosquito', 'net', 'would', 'reduced', 'water', 'spillage']","[('overall', 'JJ'), ('good', 'JJ'), ('product', 'NN'), ('good', 'JJ'), ('cooling', 'NN'), ('sufficient', 'JJ'), ('water', 'NN'), ('overnight', 'VBD'), ('enough', 'RB'), ('con', 'JJ'), ('noise', 'NN'), ('random', 'NN'), ('water', 'NN'), ('spilling', 'VBG'), ('fixed', 'VBN'), ('adjusting', 'VBG'), ('carton', 'NN'), ('honeybee', 'NN'), ('lack', 'NN'), ('mosquito', 'JJ'), ('net', 'NN'), ('would', 'MD'), ('reduced', 'VB'), ('water', 'NN'), ('spillage', 'NN')]","['FEATURE:cooling', 'FEATURE:water']",0.5423,0.1875,0.3649,0.4436753988265991
3,Product is good enough for two people and for a small rooms ..air throw is not much good..but in this summer it's helps a lot üôÇ,Product is good enough for two people and for a small rooms ..air throw is not much good..but in this summer it's helps a lot üôÇ,en,product good enough two people small room air throw much good summer help lot,"['product', 'good', 'enough', 'two', 'people', 'small', 'room', 'air', 'throw', 'much', 'good', 'summer', 'help', 'lot']","[('product', 'NN'), ('good', 'JJ'), ('enough', 'RB'), ('two', 'CD'), ('people', 'NNS'), ('small', 'JJ'), ('room', 'NN'), ('air', 'NN'), ('throw', 'VB'), ('much', 'RB'), ('good', 'JJ'), ('summer', 'NN'), ('help', 'NN'), ('lot', 'NN')]",[],0.6705,0.0875,0.379,0.44332200288772583
3,Excellent cooling but there is leakage 9f water which spiils on the floor. I got first one replacement but the new one also has leakage between the pad and tub.....but when it starts working it's awesome.,Excellent cooling but there is leakage 9f water which spiils on the floor. I got first one replacement but the new one also has leakage between the pad and tub.....but when it starts working it's awesome.,en,excellent cooling leakage water spiils floor got first one replacement new one also leakage pad tub start working awesome,"['excellent', 'cooling', 'leakage', 'water', 'spiils', 'floor', 'got', 'first', 'one', 'replacement', 'new', 'one', 'also', 'leakage', 'pad', 'tub', 'start', 'working', 'awesome']","[('excellent', 'JJ'), ('cooling', 'VBG'), ('leakage', 'NN'), ('water', 'NN'), ('spiils', 'JJ'), ('floor', 'NN'), ('got', 'VBD'), ('first', 'RB'), ('one', 'CD'), ('replacement', 'NN'), ('new', 'JJ'), ('one', 'CD'), ('also', 'RB'), ('leakage', 'NN'), ('pad', 'NN'), ('tub', 'JJ'), ('start', 'NN'), ('working', 'VBG'), ('awesome', 'JJ')]","['FEATURE:cooling', 'FEATURE:leak', 'FEATURE:water']",0.8402,0.5965909090909091,0.7183954545454545,0.4441651701927185
3,Nice Product value for money.,Nice Product value for money.,en,nice product value money,"['nice', 'product', 'value', 'money']","[('nice', 'JJ'), ('product', 'NN'), ('value', 'NN'), ('money', 'NN')]",[],0.6369,0.6,0.6184499999999999,0.4435916244983673
3,"Product is good but some water likeg from side,,, and meterial quality is normal not a hard flastic","Product is good but some water likeg from side,,, and meterial quality is normal not a hard flastic",en,product good water likeg side meterial quality normal hard flastic,"['product', 'good', 'water', 'likeg', 'side', 'meterial', 'quality', 'normal', 'hard', 'flastic']","[('product', 'NN'), ('good', 'JJ'), ('water', 'NN'), ('likeg', 'JJ'), ('side', 'NN'), ('meterial', 'JJ'), ('quality', 'NN'), ('normal', 'JJ'), ('hard', 'JJ'), ('flastic', 'NN')]",['FEATURE:water'],0.3387,0.33194444444444443,0.3353222222222222,0.44301876425743103
3,After 10 days used the product is very good,After 10 days used the product is very good,en,day used product good,"['day', 'used', 'product', 'good']","[('day', 'NN'), ('used', 'VBN'), ('product', 'NN'), ('good', 'JJ')]",[],0.4927,0.9099999999999999,0.7013499999999999,0.4428759515285492
3,Good product and cooling very good.,Good product and cooling very good.,en,good product cooling good,"['good', 'product', 'cooling', 'good']","[('good', 'JJ'), ('product', 'NN'), ('cooling', 'VBG'), ('good', 'JJ')]",['FEATURE:cooling'],0.7264,0.8049999999999999,0.7657,0.4423384964466095
3,Value for money,Value for money,ca,value money,"['value', 'money']","[('value', 'NN'), ('money', 'NN')]",[],0.34,0.0,0.17,0.4442315399646759
3,I am satisfied with this cooler üòçüòç.,I am satisfied with this cooler üòçüòç.,en,satisfied cooler,"['satisfied', 'cooler']","[('satisfied', 'JJ'), ('cooler', 'NN')]",[],0.4215,0.5,0.46075,0.4432061016559601
3,Excellent,Excellent,ca,excellent,['excellent'],"[('excellent', 'NN')]",[],0.5719,1.0,0.7859499999999999,0.4446268677711487
3,"I have been using it for almost 4 months now. It is super silent, no disturbance in the sleep. Although it requires regularly cleanings after 20-25 days, otherwise water starts spilling out from the pads due to dirt and clogging as it do not have dust mesh outside like some other air coolers. Good air throw and the cooling is also good.","I have been using it for almost 4 months now. It is super silent, no disturbance in the sleep. Although it requires regularly cleanings after 20-25 days, otherwise water starts spilling out from the pads due to dirt and clogging as it do not have dust mesh outside like some other air coolers. Good air throw and the cooling is also good.",en,using almost month super silent disturbance sleep although requires regularly cleaning day otherwise water start spilling pad due dirt clogging dust mesh outside like air cooler good air throw cooling also good,"['using', 'almost', 'month', 'super', 'silent', 'disturbance', 'sleep', 'although', 'requires', 'regularly', 'cleaning', 'day', 'otherwise', 'water', 'start', 'spilling', 'pad', 'due', 'dirt', 'clogging', 'dust', 'mesh', 'outside', 'like', 'air', 'cooler', 'good', 'air', 'throw', 'cooling', 'also', 'good']","[('using', 'VBG'), ('almost', 'RB'), ('month', 'NN'), ('super', 'JJ'), ('silent', 'JJ'), ('disturbance', 'NN'), ('sleep', 'NN'), ('although', 'IN'), ('requires', 'VBZ'), ('regularly', 'JJ'), ('cleaning', 'VBG'), ('day', 'NN'), ('otherwise', 'RB'), ('water', 'NN'), ('start', 'NN'), ('spilling', 'VBG'), ('pad', 'NNS'), ('due', 'JJ'), ('dirt', 'NN'), ('clogging', 'VBG'), ('dust', 'NN'), ('mesh', 'JJ'), ('outside', 'IN'), ('like', 'IN'), ('air', 'NN'), ('cooler', 'NN'), ('good', 'JJ'), ('air', 'NN'), ('throw', 'NN'), ('cooling', 'NN'), ('also', 'RB'), ('good', 'JJ')]","['FEATURE:cooling', 'FEATURE:water']",0.7184,0.18541666666666665,0.45190833333333336,0.44363701343536377
3,Good quality,Good quality,en,good quality,"['good', 'quality']","[('good', 'JJ'), ('quality', 'NN')]",[],0.4404,0.7,0.5702,0.44218412041664124
3,Awesome product with price üëå thanks flipkart,Awesome product with price üëå thanks flipkart,en,awesome product price thanks flipkart,"['awesome', 'product', 'price', 'thanks', 'flipkart']","[('awesome', 'JJ'), ('product', 'NN'), ('price', 'NN'), ('thanks', 'NNS'), ('flipkart', 'VBP')]",[],0.7906,0.6,0.6953,0.4437548816204071
3,Too short,Too short,en,short,['short'],"[('short', 'JJ')]",[],0.0,0.0,0.0,0.4436223804950714
3,Good product,Good product,en,good product,"['good', 'product']","[('good', 'JJ'), ('product', 'NN')]",[],0.4404,0.7,0.5702,0.4420183300971985
3,"Cooler is of nice quality and sufficient for 120 sqft room.
Air throw is also decent and swing works very good.","Cooler is of nice quality and sufficient for 120 sqft room.
Air throw is also decent and swing works very good.",en,cooler nice quality sufficient 120 sqft room air throw also decent swing work good,"['cooler', 'nice', 'quality', 'sufficient', '120', 'sqft', 'room', 'air', 'throw', 'also', 'decent', 'swing', 'work', 'good']","[('cooler', 'NN'), ('nice', 'JJ'), ('quality', 'NN'), ('sufficient', 'JJ'), ('120', 'CD'), ('sqft', 'NN'), ('room', 'NN'), ('air', 'NN'), ('throw', 'NN'), ('also', 'RB'), ('decent', 'JJ'), ('swing', 'VBG'), ('work', 'NN'), ('good', 'JJ')]",[],0.7178,0.5588888888888889,0.6383444444444444,0.4434519112110138
3,"Nice product

Awesome looks and works fine","Nice product

Awesome looks and works fine",en,nice product awesome look work fine,"['nice', 'product', 'awesome', 'look', 'work', 'fine']","[('nice', 'JJ'), ('product', 'NN'), ('awesome', 'JJ'), ('look', 'NN'), ('work', 'NN'), ('fine', 'NN')]",[],0.8271,0.6722222222222222,0.7496611111111111,0.44371211528778076
3,"Well designed, Good quality material, High speed fan , and low electricity consumption. Just go for it if you have medium size room with cross ventilation.","Well designed, Good quality material, High speed fan , and low electricity consumption. Just go for it if you have medium size room with cross ventilation.",en,well designed good quality material high speed fan low electricity consumption medium size room cross ventilation,"['well', 'designed', 'good', 'quality', 'material', 'high', 'speed', 'fan', 'low', 'electricity', 'consumption', 'medium', 'size', 'room', 'cross', 'ventilation']","[('well', 'RB'), ('designed', 'VBN'), ('good', 'JJ'), ('quality', 'NN'), ('material', 'NN'), ('high', 'JJ'), ('speed', 'NN'), ('fan', 'NN'), ('low', 'JJ'), ('electricity', 'NN'), ('consumption', 'NN'), ('medium', 'NN'), ('size', 'NN'), ('room', 'NN'), ('cross', 'NN'), ('ventilation', 'NN')]",['FEATURE:fan'],0.6369,0.215,0.42595,0.44376322627067566
3,Super product on this price tank capacity ok fan speed ok but hight is 10% more want this sagment,Super product on this price tank capacity ok fan speed ok but hight is 10% more want this sagment,en,super product price tank capacity fan speed hight want sagment,"['super', 'product', 'price', 'tank', 'capacity', 'fan', 'speed', 'hight', 'want', 'sagment']","[('super', 'JJ'), ('product', 'NN'), ('price', 'NN'), ('tank', 'NN'), ('capacity', 'NN'), ('fan', 'NN'), ('speed', 'VBD'), ('hight', 'JJ'), ('want', 'VBP'), ('sagment', 'NN')]",['FEATURE:fan'],0.7343,0.4583333333333333,0.5963166666666666,0.44401562213897705
3,Really Best product.. Good Coolingand Velue for money ü§ëü§ë,Really Best product.. Good Coolingand Velue for money ü§ëü§ë,en,really best product good coolingand velue money,"['really', 'best', 'product', 'good', 'coolingand', 'velue', 'money']","[('really', 'RB'), ('best', 'JJS'), ('product', 'NN'), ('good', 'JJ'), ('coolingand', 'NN'), ('velue', 'NN'), ('money', 'NN')]",['FEATURE:cooling'],0.8251,0.85,0.83755,0.4433133900165558
3,"Good quality product.
Fan noise slightly more.","Good quality product.
Fan noise slightly more.",en,good quality product fan noise slightly,"['good', 'quality', 'product', 'fan', 'noise', 'slightly']","[('good', 'JJ'), ('quality', 'NN'), ('product', 'NN'), ('fan', 'NN'), ('noise', 'NN'), ('slightly', 'RB')]",['FEATURE:fan'],0.6369,0.6,0.6184499999999999,0.4429832994937897
3,Very good,Very good,af,good,['good'],"[('good', 'JJ')]",[],0.4927,0.9099999999999999,0.7013499999999999,0.4416489601135254
3,Super ‚ù§Ô∏è,Super ‚ù§Ô∏è,id,super,['super'],"[('super', 'NN')]",[],0.5994,0.3333333333333333,0.4663666666666667,0.44428080320358276
3,Cooler is great but according to price size very small,Cooler is great but according to price size very small,en,cooler great according price size small,"['cooler', 'great', 'according', 'price', 'size', 'small']","[('cooler', 'NN'), ('great', 'JJ'), ('according', 'VBG'), ('price', 'NN'), ('size', 'NN'), ('small', 'JJ')]",[],0.3716,0.23750000000000002,0.30455,0.44351503252983093
3,Nice product,Nice product,ro,nice product,"['nice', 'product']","[('nice', 'JJ'), ('product', 'NN')]",[],0.4215,0.6,0.51075,0.4429512023925781
3,Go for it,Go for it,en,,[],[],[],0.0,0.0,0.0,0.4447471797466278
3,Good working,Good working,af,good working,"['good', 'working']","[('good', 'JJ'), ('working', 'NN')]",[],0.4404,0.7,0.5702,0.4429432451725006
3,Good,Good,so,good,['good'],"[('good', 'JJ')]",[],0.4404,0.7,0.5702,0.4416489601135254
3,Okey,Okey,tr,okey,['okey'],"[('okey', 'NN')]",[],0.0,0.0,0.0,0.4447471797466278
3,All right,All right,en,right,['right'],"[('right', 'NN')]",[],0.0,0.2857142857142857,0.14285714285714285,0.4447471797466278
3,Budget Cooler,Budget Cooler,da,budget cooler,"['budget', 'cooler']","[('budget', 'NN'), ('cooler', 'NN')]",[],0.0,0.0,0.0,0.4435867965221405
3,"Do not go with this product. I bought this Hindware 45L Personal Air Cooler 1 month ago and it's pump works sometimes and stops working suddenly. The customer service of hindware is too bad. When you raise tickets, your tickets will be cancelled automatically by them and no service will be provided.","Do not go with this product. I bought this Hindware 45L Personal Air Cooler 1 month ago and it's pump works sometimes and stops working suddenly. The customer service of hindware is too bad. When you raise tickets, your tickets will be cancelled automatically by them and no service will be provided.",en,product bought hindware 45l personal air cooler month ago pump work sometimes stop working suddenly customer service hindware bad raise ticket ticket cancelled automatically service provided,"['product', 'bought', 'hindware', '45l', 'personal', 'air', 'cooler', 'month', 'ago', 'pump', 'work', 'sometimes', 'stop', 'working', 'suddenly', 'customer', 'service', 'hindware', 'bad', 'raise', 'ticket', 'ticket', 'cancelled', 'automatically', 'service', 'provided']","[('product', 'NN'), ('bought', 'VBD'), ('hindware', 'NN'), ('45l', 'CD'), ('personal', 'JJ'), ('air', 'NN'), ('cooler', 'VBZ'), ('month', 'NN'), ('ago', 'RB'), ('pump', 'JJ'), ('work', 'NN'), ('sometimes', 'RB'), ('stop', 'VB'), ('working', 'VBG'), ('suddenly', 'RB'), ('customer', 'NN'), ('service', 'NN'), ('hindware', 'NN'), ('bad', 'JJ'), ('raise', 'NN'), ('ticket', 'NN'), ('ticket', 'NN'), ('cancelled', 'VBD'), ('automatically', 'RB'), ('service', 'NN'), ('provided', 'VBD')]","['BRAND:Hindware', 'CAPACITY:45l']",-0.8074,-0.23333333333333328,-0.5203666666666666,0.44400689005851746
3,I love this product thanks Flipkart ‚ù§Ô∏è,I love this product thanks Flipkart ‚ù§Ô∏è,en,love product thanks flipkart,"['love', 'product', 'thanks', 'flipkart']","[('love', 'VB'), ('product', 'NN'), ('thanks', 'NNS'), ('flipkart', 'VBP')]",[],0.7964,0.35,0.5731999999999999,0.4438170790672302
3,"Product build quality absolute best!! No 2nd thought, had not expected this budget friendly air cooler to be this Best.
Noise perspective Minimum because it uses fan not the blower.
Pump works good,
Opertatng knobs works great, touch n feel is also very good.
Then comes to Air throw, We have been using speed 1 and throws air upto 10 feet easily.so think of top speed.
And finally comes to performance wise cooling the air is good not great, don't expect too much from aircoolers in this hot summer..but as middle class we expect too much in minimum budget range..
So I suggest no turn around just go for it, it's absolute beast in its own range.","Product build quality absolute best!! No 2nd thought, had not expected this budget friendly air cooler to be this Best.
Noise perspective Minimum because it uses fan not the blower.
Pump works good,
Opertatng knobs works great, touch n feel is also very good.
Then comes to Air throw, We have been using speed 1 and throws air upto 10 feet easily.so think of top speed.
And finally comes to performance wise cooling the air is good not great, don't expect too much from aircoolers in this hot summer..but as middle class we expect too much in minimum budget range..
So I suggest no turn around just go for it, it's absolute beast in its own range.",en,product build quality absolute best 2nd thought expected budget friendly air cooler best noise perspective minimum us fan blower pump work good opertatng knob work great touch feel also good come air throw using speed throw air upto foot easily think top speed finally come performance wise cooling air good great expect much aircoolers hot summer middle class expect much minimum budget range suggest turn around absolute beast range,"['product', 'build', 'quality', 'absolute', 'best', '2nd', 'thought', 'expected', 'budget', 'friendly', 'air', 'cooler', 'best', 'noise', 'perspective', 'minimum', 'us', 'fan', 'blower', 'pump', 'work', 'good', 'opertatng', 'knob', 'work', 'great', 'touch', 'feel', 'also', 'good', 'come', 'air', 'throw', 'using', 'speed', 'throw', 'air', 'upto', 'foot', 'easily', 'think', 'top', 'speed', 'finally', 'come', 'performance', 'wise', 'cooling', 'air', 'good', 'great', 'expect', 'much', 'aircoolers', 'hot', 'summer', 'middle', 'class', 'expect', 'much', 'minimum', 'budget', 'range', 'suggest', 'turn', 'around', 'absolute', 'beast', 'range']","[('product', 'NN'), ('build', 'VB'), ('quality', 'JJ'), ('absolute', 'NN'), ('best', 'JJS'), ('2nd', 'CD'), ('thought', 'NN'), ('expected', 'VBN'), ('budget', 'NN'), ('friendly', 'JJ'), ('air', 'NN'), ('cooler', 'NN'), ('best', 'JJS'), ('noise', 'RB'), ('perspective', 'JJ'), ('minimum', 'JJ'), ('us', 'PRP'), ('fan', 'VBP'), ('blower', 'JJR'), ('pump', 'NN'), ('work', 'NN'), ('good', 'JJ'), ('opertatng', 'NN'), ('knob', 'NN'), ('work', 'NN'), ('great', 'JJ'), ('touch', 'JJ'), ('feel', 'NN'), ('also', 'RB'), ('good', 'JJ'), ('come', 'VB'), ('air', 'NN'), ('throw', 'IN'), ('using', 'VBG'), ('speed', 'NN'), ('throw', 'VBP'), ('air', 'NN'), ('upto', 'JJ'), ('foot', 'NN'), ('easily', 'RB'), ('think', 'VBP'), ('top', 'JJ'), ('speed', 'NN'), ('finally', 'RB'), ('come', 'VBN'), ('performance', 'NN'), ('wise', 'NN'), ('cooling', 'VBG'), ('air', 'NN'), ('good', 'JJ'), ('great', 'JJ'), ('expect', 'VBP'), ('much', 'JJ'), ('aircoolers', 'NNS'), ('hot', 'JJ'), ('summer', 'NN'), ('middle', 'JJ'), ('class', 'NN'), ('expect', 'VBP'), ('much', 'JJ'), ('minimum', 'JJ'), ('budget', 'NN'), ('range', 'NN'), ('suggest', 'VBP'), ('turn', 'NN'), ('around', 'RP'), ('absolute', 'IN'), ('beast', 'NN'), ('range', 'NN')]","['FEATURE:cooling', 'FEATURE:fan']",0.9866,0.39925,0.692925,0.4437256157398224
3,Well packaged and delivered in good condition... Don't go by the negative reviews ...I am using it and it's worth buying .,Well packaged and delivered in good condition... Don't go by the negative reviews ...I am using it and it's worth buying .,en,well packaged delivered good condition negative review using worth buying,"['well', 'packaged', 'delivered', 'good', 'condition', 'negative', 'review', 'using', 'worth', 'buying']","[('well', 'RB'), ('packaged', 'VBN'), ('delivered', 'VBN'), ('good', 'JJ'), ('condition', 'NN'), ('negative', 'JJ'), ('review', 'NN'), ('using', 'VBG'), ('worth', 'JJ'), ('buying', 'NN')]",[],0.296,0.2333333333333333,0.26466666666666666,0.443915456533432
3,Paisa wasool products,Paisa wasool products,en,paisa wasool product,"['paisa', 'wasool', 'product']","[('paisa', 'JJ'), ('wasool', 'NN'), ('product', 'NN')]",[],0.0,0.0,0.0,0.4423880875110626
3,Good,Good,so,good,['good'],"[('good', 'JJ')]",[],0.4404,0.7,0.5702,0.4416489601135254
3,Nice product..,Nice product..,ro,nice product,"['nice', 'product']","[('nice', 'JJ'), ('product', 'NN')]",[],0.4215,0.6,0.51075,0.4429512023925781
3,Good as price,Good as price,en,good price,"['good', 'price']","[('good', 'JJ'), ('price', 'NN')]",[],0.4404,0.7,0.5702,0.4424411356449127
